repo,name,version,appVersion,updatedAt
main,alpine,1.0.0,3.12.0,2020-07-10T07:08:08.000Z
main,cert-manager,v0.15.2,v0.15.2,2020-07-10T07:08:08.000Z
main,consul,0.23.0,1.8.0,2020-07-10T07:08:08.000Z
main,haproxy-ingress,0.0.27,0.7.2,2020-07-10T07:08:08.000Z
main,ingress-nginx,2.10.0,0.33.0,2020-07-10T07:08:08.000Z
main,kubernetes-dashboard,2.2.0,2.0.3,2020-07-10T07:08:08.000Z
main,longhorn,1.0.0,v1.0.0,2020-07-10T07:08:08.000Z
main,redis,10.7.11,6.0.5,2020-07-10T07:08:08.000Z
main,traefik,8.9.0,2.2.1,2020-07-10T07:08:08.000Z
main,vault,0.6.0,1.4.2,2020-07-10T07:08:08.000Z
main,ingress-nginx,2.11.0,0.34.0,2020-07-10T05:07:48.000Z
main,consul,0.23.1,1.8.0,2020-07-10T10:09:00.000Z
main,traefik,8.9.1,2.2.5,2020-07-15T00:08:33.000Z
main,kubernetes-dashboard,2.3.0,2.0.3,2020-07-15T05:33:30.000Z
main,ingress-nginx,2.11.1,0.34.1,2020-07-15T13:07:28.000Z
main,cert-manager,v0.16.0,v0.16.0,2020-07-23T07:32:53.000Z
main,ingress-nginx,2.11.2,0.34.1,2020-07-29T07:32:57.000Z
main,consul,0.24.0,1.8.1,2020-07-31T10:10:16.000Z
main,redis,10.7.12,6.0.6,2020-08-01T08:09:37.000Z
main,redis,10.7.11,6.0.5,2020-08-01T08:33:13.000Z
main,redis,10.7.12,6.0.6,2020-08-01T09:08:32.000Z
main,redis,10.7.11,6.0.5,2020-08-01T10:09:31.000Z
main,redis,10.7.12,6.0.6,2020-08-01T10:33:22.000Z
main,redis,10.7.11,6.0.5,2020-08-01T11:08:31.000Z
main,redis,10.7.12,6.0.6,2020-08-01T11:33:18.000Z
main,redis,10.7.11,6.0.5,2020-08-01T12:33:14.000Z
main,redis,10.7.12,6.0.6,2020-08-01T15:08:00.000Z
main,redis,10.7.11,6.0.5,2020-08-01T16:25:40.000Z
main,redis,10.7.12,6.0.6,2020-08-01T18:32:55.000Z
main,redis,10.7.11,6.0.5,2020-08-01T21:08:45.000Z
main,redis,10.7.12,6.0.6,2020-08-01T21:33:22.000Z
main,redis,10.7.11,6.0.5,2020-08-02T00:33:21.000Z
main,redis,10.7.12,6.0.6,2020-08-02T01:08:40.000Z
main,redis,10.7.13,6.0.6,2020-08-03T21:08:53.000Z
main,redis,10.7.12,6.0.6,2020-08-03T21:33:19.000Z
main,redis,10.7.13,6.0.6,2020-08-03T23:33:23.000Z
main,redis,10.7.12,6.0.6,2020-08-04T00:32:55.000Z
main,redis,10.7.13,6.0.6,2020-08-04T01:33:03.000Z
main,redis,10.7.12,6.0.6,2020-08-04T02:33:22.000Z
main,redis,10.7.13,6.0.6,2020-08-04T03:08:17.000Z
main,redis,10.7.12,6.0.6,2020-08-04T03:33:16.000Z
main,redis,10.7.13,6.0.6,2020-08-04T04:33:15.000Z
main,redis,10.7.12,6.0.6,2020-08-04T05:33:07.000Z
main,redis,10.7.13,6.0.6,2020-08-04T06:09:34.000Z
main,cert-manager,v0.16.1,v0.16.1,2020-08-07T02:09:34.000Z
main,redis,10.7.15,6.0.6,2020-08-07T04:12:55.000Z
main,redis,10.7.13,6.0.6,2020-08-07T04:33:05.000Z
main,redis,10.7.15,6.0.6,2020-08-07T06:10:02.000Z
main,redis,10.7.13,6.0.6,2020-08-07T06:33:19.000Z
main,redis,10.7.15,6.0.6,2020-08-07T07:33:13.000Z
main,redis,10.7.13,6.0.6,2020-08-07T08:33:13.000Z
main,redis,10.7.16,6.0.6,2020-08-07T09:08:59.000Z
main,redis,10.7.15,6.0.6,2020-08-07T10:33:01.000Z
main,redis,10.7.16,6.0.6,2020-08-07T12:10:12.000Z
main,redis,10.7.13,6.0.6,2020-08-07T12:33:00.000Z
main,redis,10.7.16,6.0.6,2020-08-07T13:08:51.000Z
main,redis,10.7.15,6.0.6,2020-08-07T13:33:06.000Z
main,redis,10.7.13,6.0.6,2020-08-07T14:08:53.000Z
main,redis,10.7.16,6.0.6,2020-08-07T14:33:08.000Z
main,redis,10.7.13,6.0.6,2020-08-07T17:33:25.000Z
main,redis,10.7.16,6.0.6,2020-08-07T18:10:13.000Z
main,redis,10.7.13,6.0.6,2020-08-07T21:08:49.000Z
main,redis,10.7.15,6.0.6,2020-08-07T21:33:11.000Z
main,redis,10.7.16,6.0.6,2020-08-07T22:09:55.000Z
main,redis,10.7.13,6.0.6,2020-08-07T22:33:08.000Z
main,redis,10.7.16,6.0.6,2020-08-07T23:09:47.000Z
main,redis,10.7.13,6.0.6,2020-08-07T23:33:08.000Z
main,redis,10.7.16,6.0.6,2020-08-08T00:09:54.000Z
main,redis,10.7.13,6.0.6,2020-08-08T00:33:08.000Z
main,redis,10.7.16,6.0.6,2020-08-08T01:08:55.000Z
main,redis,10.7.15,6.0.6,2020-08-08T02:33:22.000Z
main,redis,10.7.16,6.0.6,2020-08-08T03:08:55.000Z
main,redis,10.7.15,6.0.6,2020-08-08T05:08:38.000Z
main,redis,10.7.16,6.0.6,2020-08-08T05:33:15.000Z
main,redis,10.7.15,6.0.6,2020-08-08T06:09:42.000Z
main,redis,10.7.16,6.0.6,2020-08-08T06:33:31.000Z
main,consul,0.24.1,1.8.2,2020-08-11T03:50:53.000Z
main,traefik,8.9.2,2.2.8,2020-08-11T03:50:53.000Z
main,traefik,8.10.0,2.2.8,2020-08-11T06:10:10.000Z
main,traefik,8.11.0,2.2.8,2020-08-12T05:09:03.000Z
main,traefik,8.12.0,2.2.8,2020-08-14T00:11:02.000Z
main,traefik,8.13.0,2.2.8,2020-08-18T00:11:17.000Z
main,traefik,8.13.1,2.2.8,2020-08-18T06:33:17.000Z
main,ingress-nginx,2.11.3,0.34.1,2020-08-18T17:33:36.000Z
main,traefik,8.13.2,2.2.8,2020-08-19T11:34:01.000Z
main,traefik,8.13.3,2.2.8,2020-08-21T01:33:10.000Z
main,traefik,9.0.0,2.2.8,2020-08-21T02:10:13.000Z
main,traefik,9.1.0,2.2.8,2020-08-24T02:33:20.000Z
main,ingress-nginx,2.12.0,0.34.1,2020-08-24T06:11:15.000Z
main,vault,0.7.0,1.5.2,2020-08-24T10:33:27.000Z
main,ingress-nginx,2.12.1,0.34.1,2020-08-25T19:10:32.000Z
main,ambassador,6.5.3,1.7.0,2020-08-27T09:10:13.000Z
main,redis,10.7.17,6.0.6,2020-08-28T02:10:54.000Z
main,ingress-nginx,2.13.0,0.35.0,2020-08-28T06:33:55.000Z
main,redis,10.8.0,6.0.6,2020-09-01T05:33:43.000Z
main,ingress-nginx,2.14.0,0.35.0,2020-09-01T07:11:34.000Z
main,ingress-nginx,2.15.0,0.35.0,2020-09-01T11:11:07.000Z
main,redis,10.8.1,6.0.7,2020-09-01T17:33:40.000Z
main,cert-manager,v1.0.0,v1.0.0,2020-09-02T02:11:25.000Z
main,longhorn,1.0.2,v1.0.2,2020-09-03T15:32:50.000Z
main,traefik,9.1.1,2.2.8,2020-09-04T07:11:21.000Z
main,cert-manager,v1.0.1,v1.0.1,2020-09-04T11:33:55.000Z
main,ambassador,6.5.4,1.7.1,2020-09-08T08:12:12.000Z
main,kubernetes-dashboard,2.5.0,2.0.3,2020-09-08T10:12:16.000Z
main,metallb,0.1.22,0.9.3,2020-09-08T13:34:00.000Z
main,metallb,0.1.23,0.9.3,2020-09-09T07:11:44.000Z
main,kubernetes-dashboard,2.6.0,2.0.3,2020-09-10T04:16:18.000Z
main,redis,10.8.2,6.0.8,2020-09-11T01:34:08.000Z
main,ingress-nginx,2.16.0,0.35.0,2020-09-11T06:12:56.000Z
main,seaweedfs,1.96,,2020-09-11T09:07:26.000Z
main,seaweedfs,1.97,,2020-09-11T13:11:22.000Z
main,seaweedfs,1.98,,2020-09-12T03:33:33.000Z
main,seaweedfs,1.99,,2020-09-12T13:10:59.000Z
main,cockroachdb,4.1.6,20.1.5,2020-09-16T13:06:05.000Z
main,hazelcast,3.4.9,4.0.2,2020-09-16T13:06:05.000Z
main,yugabyte,2.3.0,2.3.0.0-b176,2020-09-16T13:06:05.000Z
main,seaweedfs,2.00,,2020-09-20T00:12:11.000Z
main,seaweedfs,2.01,,2020-09-27T23:12:34.000Z
main,seaweedfs,2.02,,2020-10-01T06:33:56.000Z
main,seaweedfs,2.03,,2020-10-04T21:12:16.000Z
main,seaweedfs,2.04,,2020-10-11T20:35:42.000Z
main,seaweedfs,2.05,,2020-10-17T02:14:22.000Z
main,openebs,2.2.0,2.2.0,2020-10-24T23:14:57.000Z
main,seaweedfs,2.06,,2020-10-25T12:14:47.000Z
main,seaweedfs,2.07,,2020-10-25T21:14:05.000Z
main,wiki,2.1.0,,2020-10-25T23:52:34.000Z
main,seaweedfs,2.08,,2020-11-01T13:08:16.000Z
main,seaweedfs,2.09,,2020-11-08T22:20:07.000Z
main,seaweedfs,2.10,,2020-11-10T23:33:37.000Z
main,seaweedfs,2.11,,2020-11-15T20:33:31.000Z
main,ambassador,6.5.12,1.9.0,2020-11-16T23:10:42.000Z
main,cert-manager,v1.0.4,v1.0.4,2020-11-16T23:10:42.000Z
main,cockroachdb,5.0.0,20.2.0,2020-11-16T23:10:42.000Z
main,consul,0.26.0,1.8.5,2020-11-16T23:10:42.000Z
main,harbor,1.5.1,2.1.1,2020-11-16T23:10:42.000Z
main,hazelcast,3.5.0,4.1,2020-11-16T23:10:42.000Z
main,ingress-nginx,3.10.1,0.41.2,2020-11-16T23:10:42.000Z
main,kube-prometheus,3.0.0,0.43.2,2020-11-16T23:10:42.000Z
main,kubernetes-dashboard,2.8.2,2.0.4,2020-11-16T23:10:42.000Z
main,linkerd2-cni,2.9.0,stable-2.9.0,2020-11-16T23:10:42.000Z
main,linkerd2,2.9.0,stable-2.9.0,2020-11-16T23:10:42.000Z
main,metallb,1.0.1,0.9.5,2020-11-16T23:10:42.000Z
main,minio,8.0.3,master,2020-11-16T23:10:42.000Z
main,openebs,2.3.0,2.3.0,2020-11-16T23:10:42.000Z
main,redis,12.0.0,6.0.9,2020-11-16T23:10:42.000Z
main,vault,0.8.0,1.5.4,2020-11-16T23:10:42.000Z
main,yugabyte,2.3.3,2.3.3.0-b106,2020-11-16T23:10:42.000Z
main,gitea,2.0.3,1.12.6,2020-11-17T07:05:45.000Z
main,redis,12.0.1,6.0.9,2020-11-17T11:40:27.000Z
main,kube-prometheus,3.0.1,0.43.2,2020-11-17T12:20:40.000Z
main,kubernetes-dashboard,2.8.3,2.0.4,2020-11-18T02:12:30.000Z
main,rancher,2.5.2,v2.5.2,2020-11-18T06:06:00.000Z
main,redis,12.1.0,6.0.9,2020-11-18T10:42:04.000Z
main,redis,12.1.1,6.0.9,2020-11-19T06:37:04.000Z
main,ingress-nginx,3.11.0,0.41.2,2020-11-19T12:38:05.000Z
main,ambassador,6.5.13,1.9.1,2020-11-19T15:33:44.000Z
main,kubernetes-dashboard,3.0.0,2.0.4,2020-11-20T05:33:50.000Z
main,minio,8.0.5,master,2020-11-22T14:34:03.000Z
main,seaweedfs,2.12,,2020-11-22T17:40:58.000Z
main,cockroachdb,5.0.1,20.2.1,2020-11-23T12:15:20.000Z
main,ingress-nginx,3.11.1,0.41.2,2020-11-24T07:11:27.000Z
main,cert-manager,v1.1.0,v1.1.0,2020-11-24T08:53:03.000Z
main,ingress-nginx,3.12.0,0.41.2,2020-11-24T14:35:48.000Z
main,gitea,2.0.4,1.12.6,2020-11-24T15:15:40.000Z
main,gitea,2.0.5,1.12.6,2020-11-25T07:39:09.000Z
main,kube-prometheus,3.1.0,0.43.2,2020-11-25T08:18:39.000Z
main,consul,0.27.0,1.9.0,2020-11-25T16:32:18.000Z
main,kube-prometheus,3.1.1,0.43.2,2020-11-25T16:32:18.000Z
main,gitea,2.0.6,1.12.6,2020-11-25T18:13:38.000Z
main,gitea,2.0.7,1.12.6,2020-11-26T01:42:55.000Z
main,seaweedfs,2.13,,2020-11-29T17:29:04.000Z
main,rancher,2.5.3,v2.5.3,2020-11-30T14:14:03.000Z
main,cockroachdb,5.0.2,20.2.2,2020-12-01T07:19:22.000Z
main,openebs,2.3.1,2.3.1,2020-12-03T03:18:07.000Z
main,kube-prometheus,3.1.2,0.43.2,2020-12-03T06:22:27.000Z
main,kube-prometheus,3.2.0,0.44.0,2020-12-04T09:45:44.000Z
main,minio,8.0.6,master,2020-12-04T15:12:55.000Z
main,ingress-nginx,3.13.0,0.41.2,2020-12-04T15:44:49.000Z
main,gitea,2.1.0,1.13.0,2020-12-06T16:43:57.000Z
main,seaweedfs,2.14,,2020-12-06T19:14:03.000Z
main,redis,12.1.2,6.0.9,2020-12-07T03:44:33.000Z
main,kubernetes-dashboard,3.0.1,2.0.5,2020-12-08T03:22:17.000Z
main,kube-prometheus,3.3.0,0.44.0,2020-12-08T05:19:16.000Z
main,redis,12.1.3,6.0.9,2020-12-08T11:37:27.000Z
main,minio,8.0.7,master,2020-12-08T15:13:36.000Z
main,ingress-nginx,3.15.2,0.41.2,2020-12-09T03:16:43.000Z
main,kube-prometheus,3.3.1,0.44.1,2020-12-09T17:46:33.000Z
main,redis,12.2.0,6.0.9,2020-12-10T01:17:03.000Z
main,gitea,2.1.1,1.13.0,2020-12-10T01:50:47.000Z
main,redis,12.2.1,6.0.9,2020-12-10T04:24:06.000Z
main,linkerd2-cni,2.9.1,stable-2.9.1,2020-12-10T13:13:49.000Z
main,linkerd2,2.9.1,stable-2.9.1,2020-12-10T13:13:49.000Z
main,yugabyte,2.5.0,2.5.0.0-b2,2020-12-10T15:13:44.000Z
main,metallb,1.0.2,0.9.5,2020-12-11T00:53:07.000Z
main,kubernetes-dashboard,3.0.2,2.1.0,2020-12-11T04:18:02.000Z
main,kube-prometheus,3.3.2,0.44.1,2020-12-11T05:46:23.000Z
main,minio,8.0.8,master,2020-12-11T09:12:57.000Z
main,hazelcast,3.5.1,4.1,2020-12-14T02:44:58.000Z
main,seaweedfs,2.14,,2020-12-14T02:44:58.000Z
main,redis,12.2.2,6.0.9,2020-12-14T13:13:29.000Z
main,cockroachdb,5.0.3,20.2.3,2020-12-14T14:48:51.000Z
main,gitea,2.1.2,1.13.0,2020-12-15T05:39:11.000Z
main,openebs,2.4.0,2.4.0,2020-12-15T09:14:53.000Z
main,openebs,2.4.1,2.4.0,2020-12-15T23:43:29.000Z
main,gitea,2.1.3,1.13.0,2020-12-16T05:15:34.000Z
main,harbor,1.5.2,2.1.2,2020-12-16T22:47:50.000Z
main,metallb,1.1.0,0.9.5,2020-12-16T23:15:04.000Z
main,redis,12.2.3,6.0.9,2020-12-17T00:17:13.000Z
main,openebs,2.4.2,2.4.0,2020-12-17T05:41:32.000Z
main,metallb,2.0.0,0.9.5,2020-12-18T07:24:48.000Z
main,yugabyte,2.5.1,2.5.1.0-b153,2020-12-18T12:17:26.000Z
main,consul,0.28.0,1.9.1,2020-12-21T12:43:15.000Z
main,ingress-nginx,3.16.1,0.41.2,2020-12-21T12:43:15.000Z
main,seaweedfs,2.14,,2020-12-21T12:43:15.000Z
main,redis,12.2.4,6.0.9,2020-12-22T14:54:24.000Z
main,metallb,2.0.1,0.9.5,2020-12-22T15:22:01.000Z
main,ingress-nginx,3.17.0,0.42.0,2020-12-24T11:27:31.000Z
main,gitea,2.1.4,1.13.0,2020-12-27T11:47:48.000Z
main,seaweedfs,2.14,,2020-12-27T11:47:49.000Z
main,metallb,2.0.2,0.9.5,2020-12-29T01:56:19.000Z
main,seaweedfs,2.14,,2020-12-29T01:56:19.000Z
main,ingress-nginx,3.18.0,0.42.0,2020-12-29T07:17:16.000Z
main,minio,8.0.9,master,2020-12-29T12:48:49.000Z
main,ingress-nginx,3.19.0,0.43.0,2020-12-30T10:38:45.000Z
main,redis,12.3.0,6.0.9,2020-12-31T12:19:13.000Z
main,gitea,2.1.5,1.13.1,2021-01-01T21:27:24.000Z
main,redis,12.3.1,6.0.9,2021-01-04T09:59:13.000Z
main,seaweedfs,2.14,,2021-01-04T09:59:13.000Z
main,ambassador,6.5.14,1.10.0,2021-01-04T12:21:32.000Z
main,metallb,2.0.3,0.9.5,2021-01-05T01:29:31.000Z
main,redis,12.3.2,6.0.9,2021-01-05T08:43:37.000Z
main,vault,0.9.0,1.6.1,2021-01-05T11:08:06.000Z
main,kubernetes-dashboard,4.0.0,2.1.0,2021-01-07T02:04:02.000Z
main,rancher,2.5.4,v2.5.4,2021-01-07T11:58:11.000Z
main,hazelcast,3.5.2,4.1.1,2021-01-08T04:27:53.000Z
main,redis,12.3.3,6.0.9,2021-01-08T07:58:28.000Z
main,ambassador,6.5.15,1.10.0,2021-01-08T11:55:19.000Z
main,ambassador,6.5.16,1.10.0,2021-01-08T14:25:33.000Z
main,kube-prometheus,3.3.3,0.44.1,2021-01-08T16:03:35.000Z
main,rancher,2.5.5,v2.5.5,2021-01-08T19:14:01.000Z
main,metallb,2.0.4,0.9.5,2021-01-10T01:06:45.000Z
main,seaweedfs,2.14,,2021-01-10T01:06:45.000Z
main,harbor,1.5.3,2.1.3,2021-01-12T02:12:49.000Z
main,redis,12.4.0,6.0.9,2021-01-12T03:10:34.000Z
main,ingress-nginx,3.20.0,0.43.0,2021-01-12T10:16:28.000Z
main,linkerd2-cni,2.9.2,stable-2.9.2,2021-01-13T15:16:24.000Z
main,linkerd2,2.9.2,stable-2.9.2,2021-01-13T15:16:24.000Z
main,gitea,2.1.6,1.13.1,2021-01-13T23:46:45.000Z
main,ingress-nginx,3.20.1,0.43.0,2021-01-14T04:47:46.000Z
main,kube-prometheus,3.4.0,0.44.1,2021-01-14T04:47:46.000Z
main,redis,12.5.0,6.0.9,2021-01-14T05:58:21.000Z
main,redis,12.5.1,6.0.10,2021-01-15T02:46:50.000Z
main,openebs,2.5.0,2.5.0,2021-01-15T06:42:57.000Z
main,redis,12.6.0,6.0.10,2021-01-16T07:26:30.000Z
main,seaweedfs,2.21,2.21,2021-01-18T01:47:29.000Z
main,hazelcast,3.5.3,4.1.1,2021-01-18T02:49:34.000Z
main,kube-prometheus,3.4.1,0.44.1,2021-01-18T02:49:34.000Z
main,redis,12.6.1,6.0.10,2021-01-19T03:47:01.000Z
main,hazelcast,3.5.4,4.1.1,2021-01-19T07:33:02.000Z
main,kube-prometheus,3.4.2,0.44.1,2021-01-20T01:52:21.000Z
main,redis,12.6.2,6.0.10,2021-01-20T02:52:00.000Z
main,gitea,2.1.7,1.13.1,2021-01-20T03:47:13.000Z
main,ingress-nginx,3.21.0,0.43.0,2021-01-20T11:26:35.000Z
main,gitea,2.1.8,1.13.1,2021-01-21T08:18:50.000Z
main,metallb,2.1.2,0.9.5,2021-01-21T19:42:14.000Z
main,redis,12.6.3,6.0.10,2021-01-21T19:42:14.000Z
main,gitea,2.1.9,1.13.1,2021-01-22T00:44:03.000Z
main,consul,0.29.0,1.9.2,2021-01-22T13:12:38.000Z
main,kube-prometheus,3.5.0,0.45.0,2021-01-24T05:49:14.000Z
main,seaweedfs,2.22,2.22,2021-01-24T14:07:30.000Z
main,hazelcast,3.5.5,4.1.1,2021-01-25T01:54:43.000Z
main,redis,12.6.4,6.0.10,2021-01-25T02:52:25.000Z
main,hazelcast,3.5.6,4.1.1,2021-01-25T04:39:37.000Z
main,cockroachdb,5.0.4,20.2.4,2021-01-25T08:52:51.000Z
main,ambassador,6.5.17,1.11.0,2021-01-27T11:11:22.000Z
main,metallb,2.2.0,0.9.5,2021-01-28T05:54:37.000Z
main,ingress-nginx,3.22.0,0.43.0,2021-01-28T06:22:32.000Z
main,redis,12.7.0,6.0.10,2021-01-28T07:47:57.000Z
main,kube-prometheus,3.6.0,0.45.0,2021-01-28T13:46:11.000Z
main,seaweedfs,2.23,2.23,2021-01-31T20:22:26.000Z
main,kube-prometheus,3.6.1,0.45.0,2021-02-01T02:50:02.000Z
main,kube-prometheus,3.7.0,0.45.0,2021-02-01T08:27:45.000Z
main,openebs,2.5.1,2.5.0,2021-02-01T21:47:47.000Z
main,redis,12.7.1,6.0.10,2021-02-02T09:33:50.000Z
main,kube-prometheus,4.0.0,0.45.0,2021-02-02T11:06:29.000Z
main,redis,12.7.2,6.0.10,2021-02-02T11:35:04.000Z
main,vault,0.9.1,1.6.2,2021-02-02T11:46:05.000Z
main,metallb,2.2.2,0.9.5,2021-02-03T03:42:19.000Z
main,redis,12.7.3,6.0.10,2021-02-03T07:44:36.000Z
main,ingress-nginx,3.23.0,0.44.0,2021-02-04T06:43:47.000Z
main,gitea,2.1.10,1.13.2,2021-02-04T09:49:00.000Z
main,ambassador,6.5.18,1.11.1,2021-02-04T13:10:32.000Z
main,gitea,2.1.11,1.13.2,2021-02-04T13:10:32.000Z
main,redis,12.7.4,6.0.10,2021-02-05T06:14:43.000Z
main,seaweedfs,2.24,2.24,2021-02-07T22:47:41.000Z
main,metallb,2.3.0,0.9.5,2021-02-09T01:13:40.000Z
main,kube-prometheus,4.0.1,0.45.0,2021-02-09T09:14:19.000Z
main,linkerd2-cni,2.9.3,stable-2.9.3,2021-02-09T14:43:04.000Z
main,linkerd2,2.9.3,stable-2.9.3,2021-02-09T14:43:04.000Z
main,cert-manager,v1.2.0,v1.2.0,2021-02-11T03:12:27.000Z
main,seaweedfs,2.25,2.25,2021-02-14T22:44:21.000Z
main,openebs,2.6.0,2.6.0,2021-02-15T06:47:22.000Z
main,seaweedfs,2.26,2.26,2021-02-15T14:14:24.000Z
main,minio,8.0.10,master,2021-02-15T21:12:53.000Z
main,cockroachdb,5.0.5,20.2.5,2021-02-16T09:06:57.000Z
main,consul,0.30.0,1.9.3,2021-02-16T16:31:55.000Z
main,kubernetes-dashboard,4.0.1,2.1.0,2021-02-18T05:42:45.000Z
main,kubernetes-dashboard,4.0.2,2.2.0,2021-02-18T07:42:43.000Z
main,metallb,2.3.1,0.9.5,2021-02-19T15:13:52.000Z
main,dapr,1.0.0,1.0.0,2021-02-20T06:37:04.000Z
main,seaweedfs,2.27,2.27,2021-02-21T19:41:57.000Z
main,prometheus-blackbox-exporter,4.10.2,0.18.0,2021-02-22T00:39:08.000Z
main,prometheus-mysql-exporter,1.1.0,v0.12.1,2021-02-22T00:39:08.000Z
main,prometheus-postgres-exporter,1.10.0,0.8.0,2021-02-22T00:39:08.000Z
main,prometheus-redis-exporter,4.0.0,1.11.1,2021-02-22T00:39:08.000Z
main,prometheus-snmp-exporter,0.1.2,0.19.0,2021-02-22T00:39:08.000Z
main,hazelcast,3.6.0,4.1.1,2021-02-22T01:11:46.000Z
main,kube-prometheus,4.0.2,0.45.0,2021-02-22T10:46:00.000Z
main,metallb,2.3.2,0.9.5,2021-02-22T10:46:00.000Z
main,redis,12.7.5,6.0.10,2021-02-22T10:46:00.000Z
main,seaweedfs,2.28,2.28,2021-02-22T23:13:07.000Z
main,sealed-secrets,1.13.2,0.13.1,2021-02-23T00:20:40.000Z
main,kube-prometheus,4.1.0,0.45.0,2021-02-23T02:42:10.000Z
main,linkerd2-cni,2.9.4,stable-2.9.4,2021-02-23T15:14:14.000Z
main,linkerd2,2.9.4,stable-2.9.4,2021-02-23T15:14:14.000Z
main,redis,12.7.6,6.0.11,2021-02-24T00:16:10.000Z
main,argo-cd,2.14.7,1.8.4,2021-02-24T06:50:58.000Z
main,argo,0.16.2,v2.12.5,2021-02-24T06:50:58.000Z
main,argo,0.16.3,v2.12.5,2021-02-24T09:18:32.000Z
main,redis,12.7.7,6.0.11,2021-02-24T09:18:32.000Z
main,argo,0.16.4,v2.12.5,2021-02-24T10:15:02.000Z
main,argo,0.16.5,v2.12.5,2021-02-24T11:35:55.000Z
main,ambassador,6.5.19,1.11.1,2021-02-24T12:14:06.000Z
main,kube-prometheus,4.1.1,0.46.0,2021-02-24T12:14:07.000Z
main,yugabyte,2.5.2,2.5.2.0-b104,2021-02-24T15:42:04.000Z
main,grafana,6.4.4,7.4.2,2021-02-25T12:30:22.000Z
main,loki-distributed,0.25.0,2.1.0,2021-02-25T12:30:22.000Z
main,loki,2.3.0,v2.1.0,2021-02-25T12:30:22.000Z
main,argo,0.16.6,v2.12.5,2021-02-25T14:14:16.000Z
main,harbor,1.6.0,2.2.0,2021-02-25T20:16:34.000Z
main,redis,12.8.0,6.0.11,2021-02-26T04:57:06.000Z
main,seaweedfs,2.29,2.29,2021-02-28T18:26:04.000Z
main,grafana,6.4.5,7.4.2,2021-02-28T23:13:08.000Z
main,gitea,2.2.0,1.13.2,2021-03-01T08:22:04.000Z
main,ambassador,6.5.20,1.11.2,2021-03-01T12:14:13.000Z
main,gitea,2.2.1,1.13.2,2021-03-02T01:14:31.000Z
main,redis,12.8.1,6.0.12,2021-03-02T05:34:32.000Z
main,prometheus-statsd-exporter,0.3.0,0.20.0,2021-03-02T06:23:44.000Z
main,kube-prometheus,4.1.2,0.46.0,2021-03-02T07:16:40.000Z
main,rancher,2.5.6,v2.5.6,2021-03-04T00:16:31.000Z
main,gitea,2.2.2,1.13.2,2021-03-04T01:14:43.000Z
main,grafana,6.4.6,7.4.2,2021-03-04T05:15:56.000Z
main,hazelcast,3.6.1,4.1.1,2021-03-04T08:27:18.000Z
main,dapr,1.0.1,1.0.1,2021-03-04T11:11:12.000Z
main,redis,12.8.2,6.0.12,2021-03-04T15:14:33.000Z
main,grafana,6.4.7,7.4.2,2021-03-04T18:25:43.000Z
main,redis,12.8.3,6.0.12,2021-03-05T04:18:21.000Z
main,postgres-operator-ui,1.6.1,1.6.1,2021-03-05T06:31:25.000Z
main,postgres-operator,1.6.1,1.6.1,2021-03-05T06:31:25.000Z
main,loki-distributed,0.26.0,2.1.0,2021-03-05T09:12:18.000Z
main,grafana,6.4.8,7.4.2,2021-03-07T04:18:20.000Z
main,prometheus-postgres-exporter,2.0.0,0.8.0,2021-03-07T05:15:26.000Z
main,argo-cd,2.14.8,1.8.4,2021-03-07T15:14:23.000Z
main,seaweedfs,2.30,2.30,2021-03-07T15:14:24.000Z
main,argo-cd,2.14.9,1.8.4,2021-03-08T09:56:37.000Z
main,argo,0.16.7,v2.12.5,2021-03-08T10:19:40.000Z
main,ambassador,6.5.21,1.12.0,2021-03-08T10:49:55.000Z
main,argo-cd,2.15.0,1.8.4,2021-03-08T12:14:57.000Z
main,yugabyte,2.5.3,2.5.3.0-b30,2021-03-08T14:45:53.000Z
main,grafana,6.5.0,7.4.2,2021-03-09T01:48:59.000Z
main,argo-cd,2.16.0,1.8.4,2021-03-09T10:27:14.000Z
main,argo-cd,2.16.1,1.8.4,2021-03-09T13:12:49.000Z
main,seaweedfs,2.31,2.31,2021-03-09T13:12:49.000Z
main,ingress-nginx,3.24.0,0.44.0,2021-03-09T14:47:02.000Z
main,argo-cd,2.17.0,1.8.4,2021-03-10T02:43:30.000Z
main,kubed,v0.12.0,v0.12.0,2021-03-10T07:22:14.000Z
main,grafana,6.6.0,7.4.2,2021-03-10T09:18:53.000Z
main,reflector,5.4.17,5.4.17,2021-03-10T09:18:53.000Z
main,prometheus-statsd-exporter,0.3.1,0.20.0,2021-03-10T13:41:20.000Z
main,grafana,6.6.1,7.4.2,2021-03-10T14:45:57.000Z
main,linkerd2-cni,2.10.0,stable-2.10.0,2021-03-10T16:34:21.000Z
main,linkerd2,2.10.0,stable-2.10.0,2021-03-10T16:34:21.000Z
main,verdaccio,1.2.0,4.10.0,2021-03-11T07:22:48.000Z
main,loki-distributed,0.27.0,2.2.0,2021-03-11T07:44:08.000Z
main,loki,2.5.0,v2.2.0,2021-03-11T08:22:33.000Z
main,ambassador,6.5.22,1.12.0,2021-03-12T08:22:13.000Z
main,grafana,6.6.2,7.4.2,2021-03-12T08:22:13.000Z
main,ambassador,6.6.0,1.12.1,2021-03-12T11:17:14.000Z
main,rancher,2.5.7,v2.5.7,2021-03-12T22:15:34.000Z
main,grafana,6.6.3,7.4.3,2021-03-14T17:46:50.000Z
main,seaweedfs,2.32,2.32,2021-03-14T20:48:59.000Z
main,verdaccio,2.0.0,4.10.0,2021-03-15T04:53:53.000Z
main,cockroachdb,5.0.6,20.2.6,2021-03-15T13:31:00.000Z
main,openebs,2.7.0,2.7.0,2021-03-15T23:39:34.000Z
main,seaweedfs,2.33,2.33,2021-03-15T23:39:34.000Z
main,seaweedfs,2.34,2.34,2021-03-16T02:16:12.000Z
main,kube-prometheus,4.2.0,0.46.0,2021-03-17T02:15:58.000Z
main,hazelcast,3.6.2,4.1.2,2021-03-17T06:19:16.000Z
main,prometheus-postgres-exporter,2.1.0,0.9.0,2021-03-17T22:47:31.000Z
main,argo-cd,2.17.1,1.8.4,2021-03-18T14:47:01.000Z
main,consul,0.31.0,1.9.4,2021-03-18T16:35:45.000Z
main,prometheus-postgres-exporter,2.2.0,0.9.0,2021-03-19T10:28:41.000Z
main,consul,0.31.1,1.9.4,2021-03-19T11:37:06.000Z
main,argo-cd,2.17.2,1.8.4,2021-03-20T08:28:08.000Z
main,verdaccio,2.0.1,4.12.0,2021-03-21T10:58:21.000Z
main,metallb,2.3.3,0.9.5,2021-03-21T16:35:43.000Z
main,seaweedfs,2.35,2.35,2021-03-21T23:41:05.000Z
main,grafana,6.6.4,7.4.5,2021-03-22T00:17:54.000Z
main,gitea,2.2.3,1.13.5,2021-03-22T05:25:53.000Z
main,argo-cd,2.17.3,1.8.4,2021-03-22T12:42:04.000Z
main,metallb,2.3.4,0.9.6,2021-03-22T16:36:00.000Z
main,argo-cd,2.17.4,1.8.4,2021-03-23T05:03:14.000Z
main,ingress-nginx,3.25.0,0.44.0,2021-03-23T08:23:01.000Z
main,redis,12.9.0,6.0.12,2021-03-25T00:23:46.000Z
main,loki-distributed,0.28.0,2.2.0,2021-03-25T05:24:56.000Z
main,vault,0.10.0,1.7.0,2021-03-25T08:48:32.000Z
main,kube-prometheus,4.2.1,0.46.0,2021-03-26T12:19:20.000Z
main,seaweedfs,2.36,2.36,2021-03-28T19:01:23.000Z
main,ambassador,6.6.1,1.12.1,2021-03-29T05:33:59.000Z
main,metallb,2.3.5,0.9.6,2021-03-29T08:31:24.000Z
main,ambassador,6.6.2,1.12.2,2021-03-29T10:25:46.000Z
main,redis,12.9.1,6.0.12,2021-03-30T00:21:31.000Z
main,grafana,6.7.0,7.5.1,2021-03-30T03:42:13.000Z
main,cockroachdb,5.0.7,20.2.7,2021-03-30T09:44:34.000Z
main,redis,12.9.2,6.0.12,2021-03-31T00:21:29.000Z
main,argo-cd,2.17.5,1.8.4,2021-03-31T05:01:15.000Z
main,redis,12.10.0,6.0.12,2021-03-31T05:01:15.000Z
main,ingress-nginx,3.26.0,0.44.0,2021-03-31T07:18:58.000Z
main,argo,0.16.8,v2.12.5,2021-03-31T09:43:53.000Z
main,harbor,1.6.1,2.2.1,2021-03-31T18:10:55.000Z
main,grafana,6.7.1,7.5.2,2021-03-31T23:19:07.000Z
main,postgres-operator-ui,1.6.2,1.6.2,2021-04-01T03:42:18.000Z
main,postgres-operator,1.6.2,1.6.2,2021-04-01T03:42:18.000Z
main,dapr,1.1.0,1.1.0,2021-04-01T15:30:49.000Z
main,verdaccio,2.1.0,4.12.0,2021-04-03T02:18:33.000Z
main,seaweedfs,2.37,2.37,2021-04-04T18:08:27.000Z
main,grafana,6.7.2,7.5.2,2021-04-04T22:22:12.000Z
main,verdaccio,3.0.0,4.12.0,2021-04-05T09:44:56.000Z
main,redis,12.10.1,6.0.12,2021-04-05T15:19:56.000Z
main,seaweedfs,2.38,2.38,2021-04-05T19:01:35.000Z
main,ingress-nginx,3.27.0,0.45.0,2021-04-06T10:34:22.000Z
main,dapr,1.1.1,1.1.1,2021-04-06T16:53:27.000Z
main,hazelcast,3.7.0,4.2,2021-04-07T00:21:09.000Z
main,argo-cd,3.0.0,2.0.0,2021-04-07T08:34:13.000Z
main,ingress-nginx,3.28.0,0.45.0,2021-04-07T11:40:09.000Z
main,grafana,6.7.3,7.5.3,2021-04-07T19:02:50.000Z
main,prometheus-blackbox-exporter,4.10.4,0.18.0,2021-04-07T23:43:29.000Z
main,cert-manager,v1.3.0,v1.3.0,2021-04-08T02:45:53.000Z
main,verdaccio,3.0.1,4.12.0,2021-04-08T03:15:15.000Z
main,kubernetes-dashboard,4.0.3,2.2.0,2021-04-08T03:42:29.000Z
main,ingress-nginx,3.29.0,0.45.0,2021-04-08T06:18:23.000Z
main,redis,13.0.0,6.2.1,2021-04-08T20:54:24.000Z
main,cockroachdb,5.0.8,20.2.7,2021-04-09T07:18:25.000Z
main,redis,13.0.1,6.2.1,2021-04-09T10:24:39.000Z
main,seaweedfs,2.39,2.39,2021-04-11T19:01:42.000Z
main,grafana,6.7.4,7.5.3,2021-04-11T23:21:56.000Z
main,prometheus-redis-exporter,4.0.1,1.11.1,2021-04-11T23:21:57.000Z
main,gitea,2.2.4,1.13.7,2021-04-12T00:21:29.000Z
main,cockroachdb,5.1.0,20.2.7,2021-04-12T07:46:26.000Z
main,verdaccio,4.0.0,5.0.1,2021-04-12T22:53:16.000Z
main,cockroachdb,5.1.1,20.2.7,2021-04-13T06:18:06.000Z
main,cockroachdb,5.1.2,20.2.7,2021-04-13T07:19:04.000Z
main,argo-cd,3.1.0,2.0.0,2021-04-13T18:03:31.000Z
main,kube-prometheus,4.2.2,0.47.0,2021-04-14T00:47:27.000Z
main,cert-manager,v1.3.1,v1.3.1,2021-04-14T03:14:58.000Z
main,hazelcast,3.7.1,4.2,2021-04-14T07:18:22.000Z
main,vault,0.11.0,1.7.0,2021-04-14T07:47:06.000Z
main,cockroachdb,5.1.3,20.2.7,2021-04-14T09:24:10.000Z
main,argo-cd,3.1.1,2.0.0,2021-04-14T13:43:06.000Z
main,linkerd2-cni,2.10.1,stable-2.10.1,2021-04-15T09:39:55.000Z
main,linkerd2,2.10.1,stable-2.10.1,2021-04-15T09:39:55.000Z
main,ambassador,6.6.3,1.12.3,2021-04-15T15:45:27.000Z
main,openebs,2.8.0,2.8.0,2021-04-16T01:18:46.000Z
main,yugabyte,2.7.0,2.7.0.0-b17,2021-04-16T10:28:48.000Z
main,dapr,1.1.2,1.1.2,2021-04-16T13:16:06.000Z
main,prometheus-postgres-exporter,2.3.0,0.9.0,2021-04-16T18:59:02.000Z
main,seaweedfs,2.40,2.40,2021-04-18T13:15:57.000Z
main,gitea,2.2.5,1.13.7,2021-04-19T05:00:43.000Z
main,cockroachdb,5.1.4,20.2.7,2021-04-19T09:37:17.000Z
main,grafana,6.7.5,7.5.3,2021-04-19T13:43:25.000Z
main,ambassador,6.6.4,1.12.4,2021-04-19T20:22:25.000Z
main,redis,14.0.0,6.2.1,2021-04-19T23:42:50.000Z
main,prometheus-blackbox-exporter,4.11.0,0.18.0,2021-04-20T00:21:04.000Z
main,prometheus-redis-exporter,4.0.2,1.11.1,2021-04-20T00:21:04.000Z
main,cockroachdb,5.1.5,20.2.7,2021-04-20T05:01:28.000Z
main,redis,14.0.1,6.2.2,2021-04-20T09:39:29.000Z
main,ambassador,6.7.0,1.13.0,2021-04-20T10:28:32.000Z
main,grafana,6.8.0,7.5.3,2021-04-20T21:46:35.000Z
main,redis,14.0.2,6.2.2,2021-04-21T05:01:32.000Z
main,argo-cd,3.1.2,2.0.0,2021-04-21T05:47:38.000Z
main,argo-cd,3.2.0,2.0.0,2021-04-21T12:18:37.000Z
main,metallb,2.3.6,0.9.6,2021-04-21T13:16:19.000Z
main,cockroachdb,5.1.6,20.2.7,2021-04-22T05:48:04.000Z
main,ambassador,6.7.1,1.13.1,2021-04-22T07:19:23.000Z
main,longhorn,1.1.1,v1.1.1,2021-04-22T22:22:05.000Z
main,redis,14.1.0,6.2.2,2021-04-23T02:19:36.000Z
main,argo,0.16.9,v2.12.5,2021-04-23T07:50:17.000Z
main,cockroachdb,5.1.7,20.2.8,2021-04-23T08:32:50.000Z
main,argo-cd,3.2.1,2.0.0,2021-04-23T15:19:21.000Z
main,argo-cd,3.2.2,2.0.0,2021-04-24T03:15:10.000Z
main,seaweedfs,2.41,2.41,2021-04-24T16:56:35.000Z
main,grafana,6.8.1,7.5.3,2021-04-25T18:14:31.000Z
main,prometheus-mysql-exporter,1.2.0,v0.12.1,2021-04-25T19:03:02.000Z
main,openebs,2.8.1,2.8.0,2021-04-27T04:26:28.000Z
main,argo,0.16.10,v2.12.5,2021-04-27T11:20:40.000Z
main,grafana,6.8.2,7.5.3,2021-04-27T19:00:42.000Z
main,ambassador,6.7.2,1.13.1,2021-04-28T06:43:06.000Z
main,nats,0.7.5,2.1.9,2021-04-28T07:19:54.000Z
main,gitea,3.0.0,1.14.1,2021-04-29T01:17:05.000Z
main,ambassador,6.7.3,1.13.2,2021-04-29T11:38:58.000Z
main,seaweedfs,2.42,2.42,2021-04-30T02:17:11.000Z
main,kube-prometheus,4.3.0,0.47.0,2021-04-30T07:17:47.000Z
main,ambassador,6.7.4,1.13.2,2021-04-30T10:56:23.000Z
main,kube-prometheus,4.3.1,0.47.1,2021-04-30T13:44:09.000Z
main,ingress-nginx,3.30.0,0.46.0,2021-04-30T15:16:12.000Z
main,seaweedfs,2.43,2.43,2021-04-30T23:42:29.000Z
main,grafana,6.8.3,7.5.5,2021-05-03T10:55:46.000Z
main,ambassador,6.7.5,1.13.3,2021-05-03T12:41:21.000Z
main,redis,14.1.1,6.2.3,2021-05-04T04:21:08.000Z
main,grafana,6.8.4,7.5.5,2021-05-05T00:46:10.000Z
main,rancher,2.5.8,v2.5.8,2021-05-05T22:52:44.000Z
main,grafana,6.9.0,7.5.5,2021-05-06T18:06:48.000Z
main,argo-cd,3.2.3,2.0.0,2021-05-09T12:15:08.000Z
main,seaweedfs,2.44,2.44,2021-05-09T22:53:27.000Z
main,seaweedfs,2.45,2.45,2021-05-10T13:13:35.000Z
main,cockroachdb,5.1.8,20.2.9,2021-05-10T15:14:37.000Z
main,seaweedfs,2.46,2.46,2021-05-10T21:18:33.000Z
main,hazelcast,3.7.2,4.2,2021-05-11T01:45:53.000Z
main,sealed-secrets,1.16.0,v0.16.0,2021-05-11T06:42:02.000Z
main,seaweedfs,2.47,2.47,2021-05-11T09:24:10.000Z
main,nats,0.8.0,2.2.3,2021-05-11T10:05:28.000Z
main,ambassador,6.7.6,1.13.4,2021-05-11T12:42:33.000Z
main,prometheus-postgres-exporter,2.3.1,0.9.0,2021-05-11T13:43:50.000Z
main,sealed-secrets,1.16.1,v0.16.0,2021-05-12T00:49:12.000Z
main,ambassador,6.7.7,1.13.4,2021-05-12T10:30:35.000Z
main,argo-cd,3.2.4,2.0.0,2021-05-12T21:50:26.000Z
main,kube-prometheus,5.0.0,0.47.1,2021-05-13T05:50:26.000Z
main,loki-distributed,0.29.0,2.2.0,2021-05-13T08:31:23.000Z
main,kubernetes-dashboard,4.1.0,2.2.0,2021-05-13T11:42:49.000Z
main,ambassador,6.7.8,1.13.5,2021-05-13T12:18:03.000Z
main,grafana,6.9.1,7.5.5,2021-05-13T19:59:53.000Z
main,seaweedfs,2.48,2.48,2021-05-14T09:44:15.000Z
main,openebs,2.9.0,2.9.0,2021-05-15T06:15:59.000Z
main,argo-cd,3.3.0,2.0.1,2021-05-16T07:50:54.000Z
main,argo-cd,3.3.1,2.0.1,2021-05-16T10:30:32.000Z
main,argo-cd,3.3.2,2.0.1,2021-05-16T21:50:33.000Z
main,argo-cd,3.3.3,2.0.1,2021-05-16T23:23:37.000Z
main,cockroachdb,6.0.0,21.1.0,2021-05-17T12:43:52.000Z
main,linkerd2-cni,2.10.2,stable-2.10.2,2021-05-17T18:21:04.000Z
main,linkerd2,2.10.2,stable-2.10.2,2021-05-17T18:21:04.000Z
main,argo-cd,3.3.5,2.0.1,2021-05-17T23:46:40.000Z
main,ingress-nginx,3.31.0,0.46.0,2021-05-18T05:51:43.000Z
main,loki-distributed,0.30.0,2.2.0,2021-05-19T11:23:05.000Z
main,prometheus-blackbox-exporter,4.12.0,0.18.0,2021-05-20T02:17:29.000Z
main,redis,14.2.0,6.2.3,2021-05-20T02:17:29.000Z
main,prometheus-postgres-exporter,2.3.2,0.9.0,2021-05-21T00:19:41.000Z
main,argo,1.0.0,v2.12.5,2021-05-21T04:26:10.000Z
main,prometheus-postgres-exporter,2.3.3,0.9.0,2021-05-21T04:26:10.000Z
main,argo-cd,3.4.0,2.0.1,2021-05-21T05:07:41.000Z
main,argo-cd,3.4.1,2.0.1,2021-05-21T08:32:16.000Z
main,argo-cd,3.5.0,2.0.1,2021-05-21T09:07:06.000Z
main,minio-operator,4.0.11,v4.0.11,2021-05-21T09:07:06.000Z
main,kubernetes-dashboard,4.2.0,2.2.0,2021-05-21T11:29:04.000Z
main,argo-workflows,0.1.2,v3.0.2,2021-05-22T02:01:52.000Z
main,argocd-applicationset,0.1.5,v0.1.0,2021-05-22T02:01:52.000Z
main,argocd-notifications,1.3.1,1.1.1,2021-05-22T02:01:52.000Z
main,metallb,2.3.7,0.9.6,2021-05-22T09:30:33.000Z
main,seaweedfs,2.49,2.49,2021-05-23T00:18:48.000Z
main,argo-cd,3.6.0,2.0.1,2021-05-23T05:07:02.000Z
main,kube-prometheus,5.0.1,0.47.1,2021-05-23T15:16:45.000Z
main,redis,14.2.1,6.2.3,2021-05-23T19:15:12.000Z
main,harbor,1.6.2,2.2.2,2021-05-24T01:21:42.000Z
main,ambassador,6.7.9,1.13.6,2021-05-24T09:55:06.000Z
main,argo-cd,3.6.1,2.0.1,2021-05-24T11:34:21.000Z
main,cockroachdb,6.0.1,21.1.1,2021-05-24T11:34:21.000Z
main,kube-prometheus,5.0.2,0.47.1,2021-05-24T14:17:43.000Z
main,argo-workflows,0.1.3,v3.0.2,2021-05-24T23:08:38.000Z
main,redis,14.3.0,6.2.3,2021-05-24T23:58:46.000Z
main,loki-distributed,0.31.0,2.2.0,2021-05-25T01:24:39.000Z
main,openebs,2.9.1,2.9.0,2021-05-25T08:42:19.000Z
main,vault,0.12.0,1.7.2,2021-05-25T10:05:05.000Z
main,prometheus-blackbox-exporter,4.13.0,0.19.0,2021-05-25T12:19:45.000Z
main,redis,14.3.1,6.2.3,2021-05-26T01:28:25.000Z
main,argo-cd,3.6.2,2.0.1,2021-05-26T03:03:36.000Z
main,argo-workflows,0.1.4,v3.0.2,2021-05-26T03:03:36.000Z
main,loki-distributed,0.31.1,2.2.0,2021-05-26T03:53:52.000Z
main,hazelcast,3.7.3,4.2,2021-05-26T05:25:52.000Z
main,metallb,2.4.0,0.9.6,2021-05-26T06:08:43.000Z
main,dapr,1.2.0,1.2.0,2021-05-26T10:38:49.000Z
main,yugabyte,2.7.1,2.7.1.1-b1,2021-05-26T10:38:50.000Z
main,loki-distributed,0.31.2,2.2.1,2021-05-26T13:21:15.000Z
main,argocd-notifications,1.3.2,1.1.1,2021-05-26T13:53:50.000Z
main,loki-distributed,0.31.3,2.2.1,2021-05-27T03:34:49.000Z
main,kube-prometheus,5.0.3,0.48.0,2021-05-27T05:51:30.000Z
main,redis,14.3.2,6.2.3,2021-05-27T07:28:29.000Z
main,argo-workflows,0.1.5,v3.0.2,2021-05-27T10:10:39.000Z
main,minio-operator,4.1.0,v4.1.0,2021-05-27T17:18:07.000Z
main,postgres-operator-ui,1.6.3,1.6.3,2021-05-28T05:37:19.000Z
main,postgres-operator,1.6.3,1.6.3,2021-05-28T05:37:19.000Z
main,verdaccio,4.1.0,5.1.0,2021-05-28T11:48:39.000Z
main,argo-cd,3.6.3,2.0.3,2021-05-29T01:26:56.000Z
main,argo-cd,3.6.4,2.0.3,2021-05-29T07:25:34.000Z
main,prometheus-postgres-exporter,2.3.4,0.9.0,2021-05-29T19:40:00.000Z
main,seaweedfs,2.50,2.50,2021-05-30T20:51:51.000Z
main,openebs,2.9.2,2.9.0,2021-05-31T00:32:02.000Z
main,argo-workflows,0.2.0,v3.0.2,2021-05-31T08:28:55.000Z
main,argo-workflows,0.2.1,v3.0.2,2021-05-31T10:47:11.000Z
main,argo-cd,3.6.5,2.0.3,2021-05-31T12:26:54.000Z
main,argo-workflows,0.2.2,v3.0.2,2021-05-31T12:26:55.000Z
main,grafana,6.9.2,7.5.5,2021-05-31T23:47:58.000Z
main,grafana,6.10.0,7.5.5,2021-06-01T23:06:34.000Z
main,ingress-nginx,3.32.0,0.46.0,2021-06-02T02:56:43.000Z
main,grafana,6.11.0,7.5.5,2021-06-02T06:08:18.000Z
main,kube-prometheus,5.0.4,0.48.1,2021-06-02T06:08:18.000Z
main,redis,14.3.3,6.2.4,2021-06-02T06:08:19.000Z
main,argo-cd,3.6.6,2.0.3,2021-06-02T12:04:18.000Z
main,argocd-notifications,1.4.0,1.1.1,2021-06-03T02:55:59.000Z
main,argo-workflows,0.2.3,v3.0.2,2021-06-03T03:55:54.000Z
main,argo-workflows,0.2.4,v3.0.2,2021-06-03T10:58:11.000Z
main,argocd-applicationset,0.1.6,v0.1.0,2021-06-03T10:58:11.000Z
main,ambassador,6.7.10,1.13.7,2021-06-03T12:33:40.000Z
main,wiki,2.1.0,,2021-06-05T06:29:30.000Z
main,ingress-nginx,3.33.0,0.47.0,2021-06-06T08:50:49.000Z
main,argo-cd,3.6.7,2.0.3,2021-06-07T01:18:49.000Z
main,argo-cd,3.6.8,2.0.3,2021-06-07T01:56:05.000Z
main,gitlab-runner,0.29.0,13.12.0,2021-06-07T01:56:05.000Z
main,seaweedfs,2.51,2.51,2021-06-07T01:56:06.000Z
main,redis,14.3.4,6.2.4,2021-06-07T02:33:21.000Z
main,loki-distributed,0.32.0,2.2.1,2021-06-07T04:55:34.000Z
main,loki-distributed,0.33.0,2.2.1,2021-06-07T06:23:22.000Z
main,gitea,3.1.2,1.14.1,2021-06-07T11:10:59.000Z
main,kube-prometheus,6.0.0,0.48.1,2021-06-07T11:11:00.000Z
main,seaweedfs,2.52,2.52,2021-06-07T12:50:24.000Z
main,openebs,2.9.3,2.9.0,2021-06-07T22:31:29.000Z
main,redis,14.4.0,6.2.4,2021-06-07T22:31:29.000Z
main,metallb,2.4.1,0.10.0,2021-06-07T23:55:52.000Z
main,argo-workflows,0.2.5,v3.0.2,2021-06-08T06:00:14.000Z
main,cockroachdb,6.0.2,21.1.2,2021-06-08T07:53:07.000Z
main,ambassador,6.7.11,1.13.8,2021-06-08T09:53:45.000Z
main,cockroachdb,6.0.3,21.1.2,2021-06-08T10:42:12.000Z
main,grafana,6.12.0,8.0.0,2021-06-08T12:48:40.000Z
main,prometheus-blackbox-exporter,4.14.0,0.19.0,2021-06-08T23:52:08.000Z
main,gitea,3.1.3,1.14.2,2021-06-09T06:44:43.000Z
main,minio-operator,4.1.1,v4.1.1,2021-06-09T08:30:06.000Z
main,gitea,3.1.4,1.14.2,2021-06-10T03:40:46.000Z
main,kubernetes-dashboard,4.3.0,2.3.0,2021-06-10T06:44:00.000Z
main,metallb,2.4.2,0.10.0,2021-06-10T07:16:51.000Z
main,grafana,6.12.1,8.0.1,2021-06-10T22:52:36.000Z
main,kubernetes-dashboard,4.3.1,2.3.0,2021-06-11T05:02:30.000Z
main,loki-distributed,0.33.1,2.2.1,2021-06-11T08:25:17.000Z
main,minio-operator,4.1.2,v4.1.1,2021-06-12T13:13:04.000Z
main,seaweedfs,2.53,2.53,2021-06-13T16:41:35.000Z
main,loki-distributed,0.34.0,2.2.1,2021-06-13T23:18:49.000Z
main,loki-distributed,0.34.1,2.2.1,2021-06-14T07:16:16.000Z
main,minio-operator,4.1.3,v4.1.1,2021-06-14T10:17:06.000Z
main,metallb,2.4.3,0.10.2,2021-06-14T10:51:39.000Z
main,cert-manager,v1.4.0,v1.4.0,2021-06-15T05:04:03.000Z
main,minio-operator,4.1.4,v4.1.1,2021-06-15T18:56:58.000Z
main,grafana,6.13.0,8.0.1,2021-06-16T07:15:54.000Z
main,openebs,2.10.0,2.10.0,2021-06-16T09:57:24.000Z
main,dapr,1.2.1,1.2.1,2021-06-16T14:14:08.000Z
main,dapr,1.2.2,1.2.2,2021-06-16T19:48:37.000Z
main,redis,14.5.0,6.2.4,2021-06-17T07:51:05.000Z
main,vault,0.13.0,1.7.3,2021-06-17T10:52:52.000Z
main,minio-operator,4.1.5,v4.1.2,2021-06-17T16:42:45.000Z
main,redis,14.6.0,6.2.4,2021-06-18T00:15:45.000Z
main,grafana,6.13.1,8.0.2,2021-06-18T01:44:52.000Z
main,grafana,6.13.2,8.0.3,2021-06-18T05:48:05.000Z
main,openebs,2.10.1,2.10.0,2021-06-18T07:16:22.000Z
main,redis,14.6.1,6.2.4,2021-06-18T22:53:58.000Z
main,seaweedfs,2.54,2.54,2021-06-19T03:11:49.000Z
main,gitlab-runner,0.30.0,14.0.0,2021-06-19T05:02:56.000Z
main,grafana,6.13.3,8.0.3,2021-06-20T22:17:46.000Z
main,grafana,6.13.4,8.0.3,2021-06-21T08:23:17.000Z
main,grafana,6.13.5,8.0.3,2021-06-21T17:57:51.000Z
main,ingress-nginx,3.34.0,0.47.0,2021-06-22T04:21:05.000Z
main,cockroachdb,6.0.4,21.1.3,2021-06-22T06:40:33.000Z
main,loki,2.5.1,v2.2.0,2021-06-22T11:34:58.000Z
main,consul,0.32.0,1.10.0,2021-06-22T15:38:21.000Z
main,seaweedfs,2.55,2.55,2021-06-23T00:14:37.000Z
main,loki-distributed,0.34.2,2.2.1,2021-06-23T01:43:19.000Z
main,harbor,1.7.0,2.3.0,2021-06-23T02:15:48.000Z
main,hazelcast,3.7.4,4.2,2021-06-23T03:12:08.000Z
main,prometheus-postgres-exporter,2.3.5,0.9.0,2021-06-23T11:10:20.000Z
main,prometheus-redis-exporter,4.1.0,1.11.1,2021-06-23T11:10:20.000Z
main,redis,14.6.2,6.2.4,2021-06-23T13:12:34.000Z
main,kube-prometheus,6.0.1,0.48.1,2021-06-23T19:17:01.000Z
main,argo-cd,3.6.9,2.0.3,2021-06-24T22:17:49.000Z
main,argo-workflows,0.2.6,v3.0.7,2021-06-24T22:17:49.000Z
main,loki-distributed,0.35.0,2.2.1,2021-06-25T06:36:55.000Z
main,argo-cd,3.6.10,2.0.3,2021-06-26T07:15:49.000Z
main,seaweedfs,2.56,2.56,2021-06-27T22:51:21.000Z
main,minio-operator,4.1.6,v4.1.2,2021-06-28T10:06:56.000Z
main,loki,2.5.2,v2.2.1,2021-06-28T10:55:58.000Z
main,grafana,6.13.6,8.0.3,2021-06-28T22:51:26.000Z
main,argo-cd,3.6.11,2.0.4,2021-06-29T01:15:35.000Z
main,prometheus-mysql-exporter,1.2.1,v0.12.1,2021-06-29T01:15:35.000Z
main,prometheus-blackbox-exporter,4.15.0,0.19.0,2021-06-29T10:17:29.000Z
main,gitea,3.2.0,1.14.2,2021-06-29T12:14:05.000Z
main,consul,0.32.1,1.10.0,2021-06-29T12:38:02.000Z
main,cockroachdb,6.0.5,21.1.4,2021-06-30T05:27:42.000Z
main,redis,14.6.3,6.2.4,2021-06-30T07:16:21.000Z
main,ambassador,6.7.12,1.13.9,2021-06-30T09:05:05.000Z
main,kube-prometheus,6.1.0,0.48.1,2021-06-30T11:11:21.000Z
main,nats,0.8.2,2.3.1,2021-07-01T12:15:37.000Z
main,verdaccio,4.1.1,5.1.1,2021-07-02T09:03:42.000Z
main,cockroachdb,6.0.6,21.1.5,2021-07-02T11:36:47.000Z
main,seaweedfs,2.57,2.57,2021-07-03T14:13:19.000Z
main,openebs,2.10.2,2.10.0,2021-07-04T23:13:00.000Z
main,argo-cd,3.7.1,2.0.4,2021-07-05T02:15:25.000Z
main,redis,14.6.4,6.2.4,2021-07-05T12:13:48.000Z
main,redis,14.6.5,6.2.4,2021-07-06T13:13:13.000Z
main,grafana,6.13.7,8.0.3,2021-07-06T16:46:22.000Z
main,longhorn,1.1.2,v1.1.2,2021-07-06T21:35:36.000Z
main,redis,14.6.6,6.2.4,2021-07-07T01:42:48.000Z
main,kube-prometheus,6.1.1,0.48.1,2021-07-07T08:27:45.000Z
main,minio-operator,4.1.7,v4.1.3,2021-07-08T00:15:46.000Z
main,grafana,6.13.8,8.0.3,2021-07-08T02:15:43.000Z
main,verdaccio,4.2.0,5.1.1,2021-07-08T06:40:38.000Z
main,gitlab,5.0.5,14.0.5,2021-07-08T08:58:09.000Z
main,reloader,v0.0.95,v0.0.95,2021-07-08T08:58:10.000Z
main,reloader,v0.0.96,v0.0.96,2021-07-09T00:15:47.000Z
main,argo-cd,3.7.2,2.0.4,2021-07-09T03:11:57.000Z
main,argo-workflows,0.2.7,v3.0.7,2021-07-09T03:11:57.000Z
main,argocd-applicationset,0.1.7,v0.1.0,2021-07-09T03:11:57.000Z
main,argocd-notifications,1.4.1,1.1.1,2021-07-09T03:11:57.000Z
main,argo-cd,3.8.0,2.0.4,2021-07-09T04:57:39.000Z
main,grafana,6.13.9,8.0.5,2021-07-09T04:57:39.000Z
main,reloader,v0.0.97,v0.0.97,2021-07-11T00:15:06.000Z
main,seaweedfs,2.58,2.58,2021-07-12T00:41:02.000Z
main,argo-cd,3.8.1,2.0.4,2021-07-12T03:11:41.000Z
main,argocd-applicationset,1.0.0,v0.1.0,2021-07-12T03:11:41.000Z
main,metallb,2.4.4,0.10.2,2021-07-12T09:04:23.000Z
main,gitea,4.0.0,1.14.3,2021-07-12T10:17:14.000Z
main,argo-cd,3.9.0,2.0.4,2021-07-12T22:49:57.000Z
main,redis,14.7.0,6.2.4,2021-07-13T10:47:30.000Z
main,loki,2.5.3,v2.2.1,2021-07-14T10:47:33.000Z
main,rancher,2.5.9,v2.5.9,2021-07-14T17:58:40.000Z
main,redis,14.7.1,6.2.4,2021-07-14T22:17:53.000Z
main,prometheus-snmp-exporter,0.1.3,0.19.0,2021-07-15T06:36:33.000Z
main,seaweedfs,2.59,2.59,2021-07-15T15:13:59.000Z
main,grafana,6.13.10,8.0.5,2021-07-16T01:14:37.000Z
main,redis,14.7.2,6.2.4,2021-07-16T02:15:27.000Z
main,openebs,2.11.0,2.11.0,2021-07-16T03:12:04.000Z
main,openebs,2.11.1,2.11.0,2021-07-16T22:16:42.000Z
main,prometheus-blackbox-exporter,5.0.0,0.19.0,2021-07-18T03:36:03.000Z
main,gitea,4.0.1,1.14.3,2021-07-18T09:25:42.000Z
main,openebs,2.11.2,2.11.0,2021-07-18T10:16:58.000Z
main,prometheus-blackbox-exporter,5.0.1,0.19.0,2021-07-19T01:14:57.000Z
main,metallb,2.4.5,0.10.2,2021-07-19T04:22:19.000Z
main,grafana,6.14.0,8.0.5,2021-07-19T06:12:58.000Z
main,nats,0.8.4,2.3.2,2021-07-19T09:02:52.000Z
main,grafana,6.14.1,8.0.5,2021-07-20T02:15:19.000Z
main,hazelcast,3.7.5,4.2,2021-07-20T02:15:19.000Z
main,argo-cd,3.10.0,2.0.4,2021-07-20T04:21:55.000Z
main,prometheus-blackbox-exporter,5.0.2,0.19.0,2021-07-20T05:39:04.000Z
main,gitlab,5.0.6,14.0.6,2021-07-20T09:02:18.000Z
main,argo-workflows,0.2.10,v3.0.7,2021-07-20T10:47:20.000Z
main,argo-workflows,0.2.11,v3.0.7,2021-07-20T14:13:55.000Z
main,cockroachdb,6.0.7,21.1.6,2021-07-20T14:13:55.000Z
main,prometheus-blackbox-exporter,5.0.3,0.19.0,2021-07-21T01:14:50.000Z
main,argo-workflows,0.2.12,v3.0.7,2021-07-21T08:21:42.000Z
main,redis,14.8.2,6.2.4,2021-07-21T16:45:36.000Z
main,kube-prometheus,6.1.2,0.48.1,2021-07-22T03:36:14.000Z
main,gitlab,5.1.0,14.1.0,2021-07-22T06:13:01.000Z
main,cert-manager,v1.4.1,v1.4.1,2021-07-22T06:36:34.000Z
main,redis,14.8.3,6.2.5,2021-07-22T12:15:07.000Z
main,gitlab-runner,0.31.0,14.1.0,2021-07-23T01:14:43.000Z
main,prometheus-redis-exporter,4.2.0,1.11.1,2021-07-23T01:42:01.000Z
main,kube-prometheus,6.1.3,0.48.1,2021-07-24T07:16:04.000Z
main,seaweedfs,2.60,2.60,2021-07-25T21:12:06.000Z
main,metallb,2.5.0,0.10.2,2021-07-25T23:12:55.000Z
main,redis,14.8.4,6.2.5,2021-07-26T02:02:28.000Z
main,kube-prometheus,6.1.4,0.48.1,2021-07-26T05:00:29.000Z
main,dapr,1.3.0,1.3.0,2021-07-26T15:38:22.000Z
main,argo-cd,3.10.1,2.0.5,2021-07-26T18:03:02.000Z
main,argo-cd,3.10.2,2.0.5,2021-07-27T03:11:44.000Z
main,redis,14.8.5,6.2.5,2021-07-27T03:11:45.000Z
main,redis,14.8.6,6.2.5,2021-07-27T15:14:18.000Z
main,harbor,1.7.1,2.3.1,2021-07-27T22:51:00.000Z
main,metallb,2.5.1,0.10.2,2021-07-28T02:41:49.000Z
main,reloader,v0.0.98,v0.0.98,2021-07-28T02:41:50.000Z
main,gitlab,5.1.1,14.1.1,2021-07-28T06:13:09.000Z
main,argo-cd,3.11.0,2.0.5,2021-07-28T07:16:28.000Z
main,argo-cd,3.11.1,2.0.5,2021-07-28T07:46:31.000Z
main,ambassador,6.7.13,1.13.10,2021-07-28T08:21:45.000Z
main,loki-distributed,0.35.1,2.2.1,2021-07-28T12:37:47.000Z
main,loki-distributed,0.35.2,2.2.1,2021-07-28T14:12:38.000Z
main,vault,0.14.0,1.8.0,2021-07-28T14:35:51.000Z
main,kubernetes-dashboard,4.3.2,2.3.1,2021-07-28T22:17:27.000Z
main,verdaccio,4.3.0,5.1.1,2021-07-29T01:14:48.000Z
main,hazelcast,3.7.6,4.2.1,2021-07-29T05:00:58.000Z
main,yugabyte,2.7.2,2.7.2.0-b216,2021-07-29T16:45:49.000Z
main,reloader,v0.0.99,v0.0.99,2021-07-29T22:49:39.000Z
main,redis,14.8.7,6.2.5,2021-07-30T01:41:53.000Z
main,nfs-subdir-external-provisioner,4.0.12,4.0.2,2021-08-01T08:34:24.000Z
main,seaweedfs,2.61,2.61,2021-08-01T15:13:33.000Z
main,cert-manager,v1.4.2,v1.4.2,2021-08-02T06:36:27.000Z
main,grafana,6.14.2,8.0.5,2021-08-03T07:15:30.000Z
main,ingress-nginx,3.35.0,0.48.1,2021-08-03T07:15:30.000Z
main,ingress-nginx,4.0.0,1.0.0-beta.1,2021-08-03T10:17:00.000Z
main,gitlab,5.1.2,14.1.2,2021-08-03T11:36:47.000Z
main,openebs,2.11.3,2.11.0,2021-08-03T20:50:09.000Z
main,metallb,2.5.2,0.10.2,2021-08-04T01:14:25.000Z
main,redis,14.8.8,6.2.5,2021-08-04T04:22:32.000Z
main,openebs,2.11.4,2.11.0,2021-08-04T05:01:05.000Z
main,nfs-subdir-external-provisioner,4.0.13,4.0.2,2021-08-04T09:06:29.000Z
main,kubernetes-dashboard,4.5.0,2.3.1,2021-08-05T05:40:35.000Z
main,hazelcast,3.7.7,4.2.1,2021-08-06T01:14:14.000Z
main,grafana,6.15.0,8.1.0,2021-08-06T02:41:05.000Z
main,cert-manager,v1.4.3,v1.4.3,2021-08-06T05:41:06.000Z
main,loki,2.6.0,v2.3.0,2021-08-06T09:02:47.000Z
main,loki-distributed,0.36.0,2.3.0,2021-08-06T09:42:47.000Z
main,argo-cd,3.11.2,2.0.5,2021-08-07T05:20:18.000Z
main,seaweedfs,2.62,2.62,2021-08-08T22:48:57.000Z
main,argo-cd,3.11.3,2.0.5,2021-08-09T01:15:00.000Z
main,openebs,2.11.5,2.11.0,2021-08-09T04:22:06.000Z
main,cockroachdb,6.0.8,21.1.7,2021-08-09T15:38:20.000Z
main,argo-workflows,0.2.13,v3.0.7,2021-08-10T06:14:18.000Z
main,argo-cd,3.11.4,2.0.5,2021-08-10T23:35:39.000Z
main,argo-workflows,0.3.0,v3.0.7,2021-08-10T23:35:39.000Z
main,cert-manager,v1.5.0,v1.5.0,2021-08-11T06:36:34.000Z
main,argo-cd,3.11.5,2.0.5,2021-08-11T08:20:48.000Z
main,gitea,4.0.2,1.14.6,2021-08-12T12:38:04.000Z
main,nats,0.8.6,2.3.4,2021-08-13T06:13:09.000Z
main,consul,0.33.0,1.10.0,2021-08-13T07:15:36.000Z
main,argocd-applicationset,1.1.0,v0.1.0,2021-08-13T09:00:33.000Z
main,openebs,2.11.6,2.11.0,2021-08-13T09:26:23.000Z
main,argo-cd,3.12.0,2.0.5,2021-08-13T12:37:47.000Z
main,argo-cd,3.12.1,2.0.5,2021-08-14T03:11:43.000Z
main,gitea,4.0.3,1.14.6,2021-08-15T04:57:25.000Z
main,seaweedfs,2.63,2.63,2021-08-15T22:17:49.000Z
main,prometheus-snmp-exporter,0.1.4,0.19.0,2021-08-15T22:48:16.000Z
main,openebs,2.11.7,2.11.0,2021-08-16T03:15:18.000Z
main,cert-manager,v1.5.1,v1.5.1,2021-08-16T07:16:39.000Z
main,argo-workflows,0.4.0,v3.1.5,2021-08-16T23:35:55.000Z
main,argocd-notifications,1.4.2,1.1.1,2021-08-17T01:14:49.000Z
main,gitlab,5.1.3,14.1.3,2021-08-17T12:15:04.000Z
main,nats,0.8.7,2.3.4,2021-08-17T14:14:26.000Z
main,argocd-notifications,1.4.3,1.1.1,2021-08-18T02:15:26.000Z
main,kube-prometheus,6.1.6,0.50.0,2021-08-18T06:13:15.000Z
main,redis,14.8.11,6.2.5,2021-08-18T13:13:02.000Z
main,athens-proxy,0.5.0,0.11.0,2021-08-19T00:41:42.000Z
main,grafana,6.16.0,8.1.0,2021-08-19T01:40:17.000Z
main,nats,0.8.8,2.3.4,2021-08-19T09:01:07.000Z
main,ambassador,6.8.0,1.13.10,2021-08-19T16:43:10.000Z
main,ambassador,6.9.0,1.14.0,2021-08-19T17:53:05.000Z
main,cert-manager,v1.5.2,v1.5.2,2021-08-20T03:11:49.000Z
main,argo-workflows,0.4.1,v3.1.5,2021-08-20T09:00:20.000Z
main,ingress-nginx,3.36.0,0.49.0,2021-08-21T08:59:20.000Z
main,openebs,2.12.0,2.12.0,2021-08-21T16:42:45.000Z
main,gitlab,5.2.0,14.2.0,2021-08-22T06:12:12.000Z
main,gitlab-runner,0.32.0,14.2.0,2021-08-22T12:14:14.000Z
main,minio-operator,4.1.8,v4.2.0,2021-08-22T12:14:14.000Z
main,seaweedfs,2.64,2.64,2021-08-23T00:16:55.000Z
main,argo-workflows,0.4.2,v3.1.8,2021-08-23T03:35:52.000Z
main,argo-cd,3.13.0,2.1.0,2021-08-23T04:58:17.000Z
main,argocd-applicationset,1.2.0,v0.2.0,2021-08-23T04:58:17.000Z
main,argo-cd,3.13.1,2.1.0,2021-08-23T05:23:49.000Z
main,argocd-applicationset,1.3.0,v0.2.0,2021-08-23T05:23:49.000Z
main,vault,0.15.0,1.8.1,2021-08-23T08:59:55.000Z
main,argo-cd,3.13.2,2.1.0,2021-08-23T09:39:20.000Z
main,prometheus-mysql-exporter,1.2.2,v0.12.1,2021-08-23T09:39:21.000Z
main,gitlab,5.2.1,14.2.1,2021-08-23T11:36:19.000Z
main,prometheus-postgres-exporter,2.3.6,0.10.0,2021-08-23T15:38:24.000Z
main,argo-cd,3.15.0,2.1.0,2021-08-24T04:57:42.000Z
main,ingress-nginx,4.0.1,1.0.0,2021-08-24T07:43:43.000Z
main,cert-manager,v1.5.3,v1.5.3,2021-08-24T09:42:31.000Z
main,ambassador,6.9.1,1.14.1,2021-08-24T15:14:16.000Z
main,argocd-applicationset,1.3.1,v0.2.0,2021-08-24T23:35:56.000Z
main,grafana,6.16.1,8.1.2,2021-08-25T00:16:10.000Z
main,grafana,6.16.2,8.1.2,2021-08-25T01:14:18.000Z
main,metallb,2.5.3,0.10.2,2021-08-25T01:14:18.000Z
main,redis,15.0.0,6.2.5,2021-08-25T02:16:29.000Z
main,argocd-notifications,1.4.4,1.1.1,2021-08-25T04:58:05.000Z
main,kube-prometheus,6.1.7,0.50.0,2021-08-25T05:24:00.000Z
main,argo-cd,3.16.0,2.1.0,2021-08-25T07:38:47.000Z
main,redis,15.0.1,6.2.5,2021-08-25T16:41:39.000Z
main,harbor,1.7.2,2.3.2,2021-08-25T19:39:47.000Z
main,kubernetes-dashboard,4.6.0,2.3.1,2021-08-26T02:15:37.000Z
main,kube-prometheus,6.1.8,0.50.0,2021-08-26T02:40:24.000Z
main,metallb,2.5.4,0.10.2,2021-08-26T02:40:24.000Z
main,argo-cd,3.17.1,2.1.0,2021-08-26T06:13:21.000Z
main,argo-cd,3.17.2,2.1.1,2021-08-26T06:36:39.000Z
main,argo-cd,3.17.3,2.1.1,2021-08-26T07:15:08.000Z
main,kubernetes-dashboard,5.0.0,2.3.1,2021-08-27T02:15:28.000Z
main,argo-cd,3.17.4,2.1.1,2021-08-27T02:40:17.000Z
main,redis,15.0.3,6.2.5,2021-08-27T04:22:19.000Z
main,argocd-applicationset,1.4.0,v0.2.0,2021-08-27T04:58:00.000Z
main,argo-workflows,0.5.0,v3.1.8,2021-08-27T05:23:19.000Z
main,postgres-operator-ui,1.7.0,1.7.0,2021-08-27T05:23:20.000Z
main,postgres-operator,1.7.0,1.7.0,2021-08-27T05:23:20.000Z
main,argocd-notifications,1.5.0,1.1.1,2021-08-27T05:38:32.000Z
main,argo-cd,3.17.5,2.1.1,2021-08-27T06:12:57.000Z
main,seaweedfs,2.65,2.65,2021-08-31T06:01:06.000Z
main,openebs,2.12.1,2.12.0,2021-08-31T06:01:06.000Z
main,prometheus-redis-exporter,4.3.0,1.27.0,2021-08-31T06:01:06.000Z
main,redis,15.2.0,6.2.5,2021-08-31T06:01:06.000Z
main,longhorn,1.2.0,v1.2.0,2021-08-31T09:00:53.000Z
main,gitlab,5.2.2,14.2.2,2021-08-31T10:16:25.000Z
main,minio-operator,4.2.3,v4.2.3,2021-08-31T11:11:22.000Z
main,grafana,6.16.3,8.1.2,2021-08-31T18:00:31.000Z
main,redis,15.2.1,6.2.5,2021-09-01T06:37:15.000Z
main,gitlab,5.2.3,14.2.3,2021-09-01T07:15:07.000Z
main,redis,15.3.0,6.2.5,2021-09-01T09:42:45.000Z
main,cockroachdb,6.0.9,21.1.8,2021-09-01T10:16:33.000Z
main,yugabyte,2.9.0,2.9.0.0-b4,2021-09-01T14:14:07.000Z
main,meshery,v0.5.52,stable-latest,2021-09-01T23:15:11.000Z
main,seaweedfs,2.65,2.65,2021-09-01T23:15:11.000Z
main,cockroachdb,6.1.0,21.1.8,2021-09-02T09:43:19.000Z
main,victoria-metrics-operator,0.2.2,0.18.1,2021-09-02T11:29:59.000Z
main,argo-cd,3.17.6,2.1.2,2021-09-02T14:13:59.000Z
main,redis,15.3.1,6.2.5,2021-09-03T01:14:08.000Z
main,minio-operator,4.2.4,v4.2.4,2021-09-03T01:39:27.000Z
main,openebs,2.12.2,2.12.0,2021-09-03T05:39:07.000Z
main,grafana,6.16.4,8.1.2,2021-09-04T08:59:41.000Z
main,loki-distributed,0.37.0,2.3.0,2021-09-04T08:59:41.000Z
main,minio-operator,4.2.5,v4.2.5,2021-09-04T08:59:41.000Z
main,seaweedfs,2.66,2.66,2021-09-05T15:37:14.000Z
main,loki-distributed,0.37.1,2.3.0,2021-09-06T00:16:15.000Z
main,loki-distributed,0.37.2,2.3.0,2021-09-06T03:12:20.000Z
main,loki-distributed,0.37.3,2.3.0,2021-09-06T03:36:28.000Z
main,victoria-metrics-operator,0.2.3,0.18.2,2021-09-06T20:18:13.000Z
main,prometheus-redis-exporter,4.4.0,1.27.0,2021-09-06T21:35:52.000Z
main,seaweedfs,2.67,2.67,2021-09-06T23:14:27.000Z
main,openebs,2.12.3,2.12.1,2021-09-06T23:35:51.000Z
main,openebs,2.12.4,2.12.1,2021-09-07T01:14:07.000Z
main,meshery,v0.5.53,stable-latest,2021-09-07T09:01:07.000Z
main,cockroachdb,6.1.1,21.1.7,2021-09-07T16:44:09.000Z
main,redis,15.3.2,6.2.5,2021-09-08T00:16:24.000Z
main,meshery,v0.5.54,stable-latest,2021-09-08T12:38:57.000Z
main,prometheus-redis-exporter,4.5.0,1.27.0,2021-09-09T00:16:37.000Z
main,hazelcast,3.8.0,4.2.1,2021-09-09T06:36:59.000Z
main,openebs,2.12.5,2.12.1,2021-09-09T10:44:58.000Z
main,meshery,v0.5.55,stable-latest,2021-09-09T11:36:07.000Z
main,meshery,v0.5.56,stable-latest,2021-09-09T13:37:25.000Z
main,grafana,6.16.5,8.1.2,2021-09-09T18:31:13.000Z
main,prometheus-redis-exporter,4.6.0,1.27.0,2021-09-09T18:31:14.000Z
main,cockroachdb,6.1.2,21.1.7,2021-09-10T07:42:25.000Z
main,minio-operator,4.2.6,v4.2.6,2021-09-10T14:39:02.000Z
main,gitea,4.1.0,1.15.0,2021-09-11T15:14:07.000Z
main,grafana,6.16.6,8.1.2,2021-09-11T19:14:23.000Z
main,openebs,2.12.6,2.12.1,2021-09-11T19:14:23.000Z
main,wiki,2.2.0,,2021-09-11T19:39:22.000Z
main,meshery,v0.5.57,stable-latest,2021-09-12T18:28:12.000Z
main,minio-operator,4.2.7,v4.2.7,2021-09-12T20:18:18.000Z
main,seaweedfs,2.68,2.68,2021-09-13T01:39:28.000Z
main,argo-workflows,0.5.1,v3.1.8,2021-09-13T08:59:16.000Z
main,dapr,1.3.1,1.3.1,2021-09-14T18:26:40.000Z
main,argo-cd,3.17.7,2.1.2,2021-09-15T03:11:59.000Z
main,argo-workflows,0.5.2,v3.1.8,2021-09-15T14:38:58.000Z
main,dapr,1.4.0,1.4.0,2021-09-15T19:14:38.000Z
main,openebs,2.12.7,2.12.1,2021-09-16T06:14:01.000Z
main,minio-operator,4.2.8,v4.2.8,2021-09-16T08:58:38.000Z
main,argo-cd,3.18.0,2.1.2,2021-09-16T10:16:16.000Z
main,nats,0.8.9,2.5.0,2021-09-16T10:16:16.000Z
main,vault,0.16.0,1.8.2,2021-09-16T10:16:17.000Z
main,minio-operator,4.2.9,v4.2.9,2021-09-16T18:03:49.000Z
main,argo-cd,3.19.0,2.1.2,2021-09-17T06:13:09.000Z
main,gitlab,5.2.4,14.2.4,2021-09-17T06:13:09.000Z
main,argo-cd,3.20.0,2.1.2,2021-09-17T10:15:58.000Z
main,consul,0.34.0,1.10.2,2021-09-17T10:42:07.000Z
main,argo-workflows,0.6.0,v3.1.8,2021-09-17T12:14:47.000Z
main,argo-cd,3.21.0,2.1.2,2021-09-17T12:38:32.000Z
main,consul,0.34.1,1.10.2,2021-09-17T14:13:43.000Z
main,meshery,v0.5.58,stable-latest,2021-09-17T16:45:08.000Z
main,minio-operator,4.2.10,v4.2.10,2021-09-17T21:12:35.000Z
main,openebs,2.12.8,2.12.1,2021-09-17T23:36:05.000Z
main,seaweedfs,2.69,2.69,2021-09-19T20:49:24.000Z
main,prometheus-statsd-exporter,0.4.0,0.22.1,2021-09-20T11:11:27.000Z
main,grafana,6.16.7,8.1.4,2021-09-21T14:39:07.000Z
main,ingress-nginx,4.0.2,1.0.1,2021-09-22T04:23:11.000Z
main,gitlab,5.3.0,14.3.0,2021-09-22T06:13:33.000Z
main,dapr,1.4.1,1.4.1,2021-09-22T16:49:21.000Z
main,grafana,6.16.8,8.1.5,2021-09-22T18:03:36.000Z
main,prometheus-postgres-exporter,2.3.7,0.10.0,2021-09-22T18:48:02.000Z
main,grafana,6.16.9,8.1.5,2021-09-23T00:16:56.000Z
main,openebs,2.12.9,2.12.2,2021-09-23T06:13:17.000Z
main,openebs,3.0.0,3.0.0,2021-09-24T01:13:47.000Z
main,kube-prometheus,6.1.9,0.51.0,2021-09-24T07:42:28.000Z
main,dapr,1.4.2,1.4.2,2021-09-24T16:45:17.000Z
main,metallb,2.5.5,0.10.2,2021-09-25T02:39:58.000Z
main,wiki,2.2.0,,2021-09-25T02:39:59.000Z
main,victoria-metrics-operator,0.3.0,0.19.0,2021-09-25T09:18:57.000Z
main,meshery,v0.5.59,stable-latest,2021-09-25T22:44:49.000Z
main,redis,15.3.3,6.2.5,2021-09-26T04:21:33.000Z
main,grafana,6.16.10,8.1.5,2021-09-26T05:19:10.000Z
main,meshery,v0.5.60,stable-latest,2021-09-26T10:15:49.000Z
main,seaweedfs,2.70,2.70,2021-09-26T16:46:49.000Z
main,ingress-nginx,4.0.3,1.0.2,2021-09-26T19:40:15.000Z
main,argo-workflows,0.7.0,v3.1.8,2021-09-26T23:36:39.000Z
main,argo-cd,3.21.1,2.1.2,2021-09-27T02:15:46.000Z
main,argocd-applicationset,1.5.0,v0.2.0,2021-09-27T04:23:16.000Z
main,hazelcast,5.0.0,5.0,2021-09-27T04:23:16.000Z
main,argocd-applicationset,1.5.1,v0.2.0,2021-09-27T06:13:54.000Z
main,prometheus-blackbox-exporter,5.1.0,0.19.0,2021-09-27T07:15:13.000Z
main,argo-workflows,0.7.1,v3.1.8,2021-09-27T07:39:41.000Z
main,redis,15.4.0,6.2.5,2021-09-27T11:11:04.000Z
main,argo-cd,3.22.0,2.1.2,2021-09-27T12:15:20.000Z
main,gitea,4.1.1,1.15.3,2021-09-27T12:15:20.000Z
main,meshery,v0.5.61,stable-latest,2021-09-27T19:15:15.000Z
main,kube-prometheus,6.1.10,0.51.1,2021-09-28T04:57:57.000Z
main,meshery,v0.5.62,stable-latest,2021-09-28T19:40:18.000Z
main,argo-cd,3.22.1,2.1.2,2021-09-29T01:38:56.000Z
main,victoria-metrics-operator,0.3.1,0.19.1,2021-09-29T01:38:57.000Z
main,gitlab-runner,0.33.0,14.3.0,2021-09-29T03:36:23.000Z
main,cockroachdb,6.2.0,21.1.7,2021-09-29T04:57:08.000Z
main,argocd-notifications,1.5.1,1.1.1,2021-09-29T07:42:16.000Z
main,nats,0.9.0,2.6.1,2021-09-29T10:43:55.000Z
main,ambassador,6.9.2,1.14.2,2021-09-29T11:11:42.000Z
main,vault,0.16.1,1.8.3,2021-09-29T18:05:13.000Z
main,harbor,1.7.3,2.3.3,2021-09-29T23:36:27.000Z
main,reloader,v0.0.100,v0.0.100,2021-09-30T00:40:59.000Z
main,gitlab,5.3.1,14.3.1,2021-09-30T06:13:24.000Z
main,cert-manager,v1.5.4,v1.5.4,2021-09-30T08:59:04.000Z
main,ambassador,6.9.3,1.14.2,2021-10-19T04:37:43.000Z
main,argo-cd,3.25.2,2.1.3,2021-10-19T04:37:43.000Z
main,argo-workflows,0.7.3,v3.2.0,2021-10-19T04:37:43.000Z
main,argocd-applicationset,1.6.0,v0.2.0,2021-10-19T04:37:43.000Z
main,cockroachdb,6.2.5,21.1.11,2021-10-19T04:37:43.000Z
main,dapr,1.4.3,1.4.3,2021-10-19T04:37:43.000Z
main,gitlab-runner,0.33.1,14.3.2,2021-10-19T04:37:43.000Z
main,gitlab,5.3.3,14.3.3,2021-10-19T04:37:43.000Z
main,grafana,6.17.2,8.2.1,2021-10-19T04:37:43.000Z
main,ingress-nginx,4.0.6,1.0.4,2021-10-19T04:37:43.000Z
main,kube-prometheus,6.1.13,0.51.2,2021-10-19T04:37:43.000Z
main,kubernetes-dashboard,5.0.3,2.4.0,2021-10-19T04:37:43.000Z
main,loki-distributed,0.38.1,2.3.0,2021-10-19T04:37:43.000Z
main,longhorn,1.2.2,v1.2.2,2021-10-19T04:37:43.000Z
main,meshery,v0.5.67,v0.6.0,2021-10-19T04:37:43.000Z
main,metallb,2.5.6,0.10.3,2021-10-19T04:37:43.000Z
main,minio-operator,4.2.14,v4.2.14,2021-10-19T04:37:43.000Z
main,nfs-subdir-external-provisioner,4.0.14,4.0.2,2021-10-19T04:37:43.000Z
main,openebs,3.0.1,3.0.1,2021-10-19T04:37:43.000Z
main,prometheus-blackbox-exporter,5.2.0,0.19.0,2021-10-19T04:37:43.000Z
main,prometheus-statsd-exporter,0.4.1,0.22.1,2021-10-19T04:37:43.000Z
main,rancher,2.6.1,v2.6.1,2021-10-19T04:37:43.000Z
main,redis,15.4.1,6.2.6,2021-10-19T04:37:43.000Z
main,reflector,6.0.17,6.0.17,2021-10-19T04:37:43.000Z
main,reloader,v0.0.102,v0.0.102,2021-10-19T04:37:43.000Z
main,seaweedfs,2.74,2.74,2021-10-19T04:37:43.000Z
main,verdaccio,4.4.0,5.1.1,2021-10-19T04:37:44.000Z
main,argo-workflows,0.8.0,v3.2.0,2021-10-19T07:42:27.000Z
main,argo-cd,3.25.3,2.1.3,2021-10-19T08:21:23.000Z
main,openebs,3.0.2,3.0.1,2021-10-19T08:58:59.000Z
main,argo-cd,3.26.0,2.1.3,2021-10-19T09:25:20.000Z
main,consul,0.35.0,1.10.3,2021-10-19T11:36:44.000Z
main,redis,15.4.2,6.2.6,2021-10-19T15:14:54.000Z
main,rancher,2.6.2,v2.6.2,2021-10-19T20:18:45.000Z
main,argo-cd,3.26.1,2.1.4,2021-10-19T22:46:01.000Z
main,prometheus-snmp-exporter,0.1.5,0.19.0,2021-10-20T01:14:27.000Z
main,minio-operator,4.3.0,v4.3.0,2021-10-20T22:17:37.000Z
main,minio-operator,4.3.1,v4.3.1,2021-10-20T23:36:42.000Z
main,redis,15.5.0,6.2.6,2021-10-21T00:17:01.000Z
main,argo-cd,3.26.2,2.1.4,2021-10-21T04:23:18.000Z
main,vault,0.17.0,1.8.4,2021-10-21T12:15:52.000Z
main,argo-cd,3.26.3,v2.1.5,2021-10-21T13:12:46.000Z
main,gitlab,5.4.0,14.4.0,2021-10-22T06:13:43.000Z
main,hazelcast,5.1.0,5.0,2021-10-22T07:15:26.000Z
main,metallb,2.5.7,0.10.3,2021-10-22T07:42:37.000Z
main,redis,15.5.1,6.2.6,2021-10-22T08:59:33.000Z
main,reflector,6.0.18,6.0.18,2021-10-22T10:47:13.000Z
main,kube-prometheus,6.1.14,0.51.2,2021-10-22T14:39:39.000Z
main,grafana,6.17.3,8.2.1,2021-10-22T16:51:06.000Z
main,minio-operator,4.3.2,v4.3.2,2021-10-22T16:51:06.000Z
main,reflector,6.0.19,6.0.19,2021-10-23T03:36:20.000Z
main,seaweedfs,2.75,2.75,2021-10-24T18:00:35.000Z
main,cockroachdb,6.2.6,21.1.11,2021-10-25T08:21:57.000Z
main,gitlab-runner,0.34.0,14.4.0,2021-10-25T08:21:57.000Z
main,kubernetes-dashboard,5.0.4,2.4.0,2021-10-26T00:42:46.000Z
main,verdaccio,4.5.0,5.2.0,2021-10-26T01:15:00.000Z
main,vault,0.17.1,1.8.4,2021-10-26T06:14:05.000Z
main,cert-manager,v1.6.0,v1.6.0,2021-10-26T06:36:54.000Z
main,openebs,3.0.3,3.0.1,2021-10-26T07:43:20.000Z
main,prometheus-blackbox-exporter,5.3.0,0.19.0,2021-10-26T10:17:08.000Z
main,redis,15.5.2,6.2.6,2021-10-26T12:15:38.000Z
main,kube-prometheus,6.2.1,0.51.2,2021-10-26T22:17:55.000Z
main,grafana,6.17.4,8.2.2,2021-10-26T23:14:45.000Z
main,metallb,2.5.8,0.10.3,2021-10-27T00:42:31.000Z
main,reflector,6.0.21,6.0.21,2021-10-27T00:42:31.000Z
main,cockroachdb,6.2.7,21.1.11,2021-10-27T06:18:35.000Z
main,prometheus-blackbox-exporter,5.3.1,0.19.0,2021-10-27T09:25:59.000Z
main,loki,2.7.0,v2.3.0,2021-10-28T00:17:21.000Z
main,metallb,2.5.9,0.10.3,2021-10-28T00:42:37.000Z
main,redis,15.5.2,6.2.6,2021-10-28T00:42:37.000Z
main,kube-prometheus,6.2.2,0.51.2,2021-10-28T02:16:40.000Z
main,redis,15.5.3,6.2.6,2021-10-28T02:16:40.000Z
main,gitlab,5.4.1,14.4.1,2021-10-28T04:57:49.000Z
main,victoria-metrics-operator,0.4.0,0.20.0,2021-10-28T04:57:50.000Z
main,cockroachdb,6.2.8,21.1.11,2021-10-28T06:37:43.000Z
main,victoria-metrics-operator,0.4.1,0.20.1,2021-10-28T09:25:16.000Z
main,kube-prometheus,6.3.0,0.51.2,2021-10-29T08:21:57.000Z
main,prometheus-mysql-exporter,1.3.0,v0.12.1,2021-10-29T15:15:37.000Z
main,nats,0.9.2,2.6.3,2021-10-29T16:45:28.000Z
main,metallb,2.5.10,0.11.0,2021-10-29T18:28:11.000Z
main,argo-cd,3.26.4,v2.1.6,2021-10-31T04:21:44.000Z
main,argo-cd,3.26.5,v2.1.6,2021-10-31T11:36:53.000Z
main,seaweedfs,2.76,2.76,2021-10-31T18:00:13.000Z
main,cert-manager,v1.6.1,v1.6.1,2021-11-01T06:37:54.000Z
main,argo-workflows,0.8.1,v3.2.0,2021-11-01T10:45:18.000Z
main,meshery,v0.5.68,v0.6.0,2021-11-01T19:15:43.000Z
main,redis,15.5.4,6.2.6,2021-11-02T07:15:47.000Z
main,yugabyte,2.9.1,2.9.1.0-b140,2021-11-02T08:23:29.000Z
main,consul,0.36.0,1.10.3,2021-11-02T12:39:04.000Z
main,meshery,v0.5.69,v0.6.0,2021-11-02T16:46:50.000Z
main,meshery,v0.5.70,v0.6.0,2021-11-02T20:18:48.000Z
main,harbor,1.8.0,2.4.0,2021-11-02T23:37:05.000Z
main,postgres-operator-ui,1.7.1,1.7.1,2021-11-03T10:16:56.000Z
main,postgres-operator,1.7.1,1.7.1,2021-11-03T10:16:56.000Z
main,grafana,6.17.5,8.2.3,2021-11-04T03:12:27.000Z
main,minio-operator,4.3.3,v4.3.3,2021-11-04T08:21:54.000Z
main,kube-prometheus,6.3.1,0.52.0,2021-11-04T11:37:00.000Z
main,loki,2.8.0,v2.4.0,2021-11-05T15:15:21.000Z
main,meshery,v0.5.71,v0.6.0,2021-11-05T15:15:21.000Z
main,loki-distributed,0.39.0,2.4.0,2021-11-05T16:45:31.000Z
main,seaweedfs,2.77,2.77,2021-11-07T14:14:11.000Z
main,hazelcast,5.2.0,5.0,2021-11-08T04:58:12.000Z
main,loki-distributed,0.39.1,2.4.1,2021-11-08T05:40:57.000Z
main,loki,2.8.1,v2.4.1,2021-11-08T05:40:57.000Z
main,loki-distributed,0.39.2,2.4.1,2021-11-08T08:22:47.000Z
main,reloader,v0.0.103,v0.0.103,2021-11-08T13:38:05.000Z
main,gitlab,5.4.2,14.4.2,2021-11-09T09:44:20.000Z
main,hazelcast,5.2.1,5.0,2021-11-09T09:44:20.000Z
main,kube-prometheus,6.3.2,0.52.0,2021-11-09T09:44:20.000Z
main,minio-operator,4.3.4,v4.3.4,2021-11-09T12:39:13.000Z
main,victoria-metrics-operator,0.4.2,0.20.3,2021-11-09T21:37:00.000Z
main,argo-cd,3.26.7,v2.1.6,2021-11-10T09:38:50.000Z
main,hazelcast,5.3.0,5.0,2021-11-11T01:15:05.000Z
main,argo-cd,3.26.8,v2.1.6,2021-11-11T07:15:34.000Z
main,dapr,1.5.0,1.5.0,2021-11-11T14:40:15.000Z
main,argocd-notifications,1.5.2,v1.1.1,2021-11-12T01:40:27.000Z
main,redis,15.5.5,6.2.6,2021-11-12T01:40:27.000Z
main,hazelcast,5.3.1,5.0,2021-11-12T03:36:12.000Z
main,kube-prometheus,6.3.3,0.52.0,2021-11-12T08:22:34.000Z
main,minio-operator,4.3.5,v4.3.5,2021-11-12T21:13:04.000Z
main,meshery,v0.5.72,v0.6.0,2021-11-13T20:49:24.000Z
main,seaweedfs,2.78,2.78,2021-11-14T23:37:29.000Z
main,prometheus-statsd-exporter,0.4.2,0.22.1,2021-11-15T04:23:53.000Z
main,cockroachdb,7.0.0,21.2.0,2021-11-15T09:28:32.000Z
main,grafana,6.17.6,8.2.3,2021-11-15T22:16:54.000Z
main,kube-prometheus,6.3.4,0.52.1,2021-11-16T03:12:46.000Z
main,ingress-nginx,4.0.8,1.0.5,2021-11-16T04:57:48.000Z
main,argo-cd,3.26.9,v2.1.6,2021-11-17T00:17:40.000Z
main,metallb,2.5.11,0.11.0,2021-11-17T00:17:41.000Z
main,kube-prometheus,6.4.1,0.52.1,2021-11-17T00:43:15.000Z
main,vault,0.18.0,1.9.0,2021-11-17T17:57:18.000Z
main,emissary-ingress,7.1.10,2.0.5,2021-11-18T08:09:14.000Z
main,consul,0.37.0,1.10.4,2021-11-18T11:36:31.000Z
main,ingress-nginx,4.0.9,1.0.5,2021-11-19T07:15:43.000Z
main,argo-workflows,0.8.2,v3.2.0,2021-11-19T14:14:48.000Z
main,grafana,6.17.7,8.2.5,2021-11-19T20:19:19.000Z
main,reflector,6.0.29,6.0.29,2021-11-20T17:59:33.000Z
main,argo-cd,3.26.10,v2.1.7,2021-11-21T05:19:38.000Z
main,reflector,6.0.30,6.0.30,2021-11-21T08:21:43.000Z
main,argo-workflows,0.8.3,v3.2.4,2021-11-21T11:11:58.000Z
main,seaweedfs,2.79,2.79,2021-11-21T19:15:33.000Z
main,redis,15.6.0,6.2.6,2021-11-22T01:15:38.000Z
main,argo-workflows,0.9.1,v3.2.4,2021-11-22T02:16:36.000Z
main,gitlab,5.5.0,14.5.0,2021-11-22T06:38:07.000Z
main,reflector,6.0.42,6.0.42,2021-11-22T09:02:12.000Z
main,yugabyte,2.11.0,2.11.0.0-b7,2021-11-22T12:15:49.000Z
main,argo-workflows,0.9.2,v3.2.4,2021-11-23T02:16:35.000Z
main,gitlab-runner,0.35.0,14.5.0,2021-11-23T04:58:12.000Z
main,ingress-nginx,4.0.10,1.1.0,2021-11-23T15:15:39.000Z
main,argo-cd,3.26.11,v2.1.7,2021-11-24T09:01:30.000Z
main,argocd-notifications,1.6.0,v1.2.0,2021-11-25T09:45:07.000Z
main,redis,15.6.1,6.2.6,2021-11-25T11:36:37.000Z
main,ingress-nginx,4.0.11,1.1.0,2021-11-26T02:41:36.000Z
main,openebs,3.0.4,3.0.1,2021-11-26T04:23:31.000Z
main,openebs,3.0.5,3.0.1,2021-11-26T05:24:03.000Z
main,grafana,6.17.8,8.2.5,2021-11-26T10:17:39.000Z
main,metallb,2.5.12,0.11.0,2021-11-28T18:32:34.000Z
main,seaweedfs,2.80,2.80,2021-11-29T01:15:40.000Z
main,grafana,6.17.9,8.2.5,2021-11-29T02:16:37.000Z
main,argo-cd,3.26.12,v2.1.7,2021-11-29T03:13:08.000Z
main,ingress-nginx,4.0.12,1.1.0,2021-11-29T03:36:35.000Z
main,redis,15.6.2,6.2.6,2021-11-29T03:36:36.000Z
main,loki-distributed,0.39.3,2.4.1,2021-11-29T04:24:05.000Z
main,metallb,2.5.13,0.11.0,2021-11-29T04:24:05.000Z
main,kube-prometheus,6.4.2,0.52.1,2021-11-29T15:15:32.000Z
main,grafana,6.17.10,8.2.5,2021-11-30T04:19:39.000Z
main,victoria-metrics-operator,0.5.0,0.21.0,2021-11-30T06:14:20.000Z
main,victoria-metrics-operator,0.5.1,0.21.0,2021-11-30T07:16:26.000Z
main,gitlab,5.5.1,14.5.1,2021-12-01T09:02:28.000Z
main,kube-prometheus,6.5.0,0.52.1,2021-12-01T09:45:45.000Z
main,redis,15.6.3,6.2.6,2021-12-01T11:13:05.000Z
main,prometheus-postgres-exporter,2.4.0,0.10.0,2021-12-02T02:41:39.000Z
main,nats,0.10.0,2.6.5,2021-12-02T14:14:51.000Z
main,openebs,3.0.6,3.0.1,2021-12-03T08:22:58.000Z
main,argo-cd,3.27.0,v2.1.7,2021-12-03T14:40:13.000Z
main,argo-cd,3.27.1,v2.1.7,2021-12-03T15:15:07.000Z
main,minio-operator,4.3.6,v4.3.6,2021-12-03T17:58:14.000Z
main,grafana,6.18.1,8.3.0,2021-12-04T06:13:42.000Z
main,seaweedfs,2.81,2.81,2021-12-05T18:52:50.000Z
main,wiki,2.2.0,,2021-12-05T18:52:50.000Z
main,argo-workflows,0.9.3,v3.2.4,2021-12-06T02:16:45.000Z
main,ingress-nginx,4.0.13,1.1.0,2021-12-06T06:14:37.000Z
main,dapr,1.5.1,1.5.1,2021-12-06T12:17:01.000Z
main,gitlab,5.5.2,14.5.2,2021-12-06T15:16:12.000Z
main,grafana,6.18.2,8.3.1,2021-12-07T14:15:15.000Z
main,minio-operator,4.3.7,v4.3.7,2021-12-08T10:18:01.000Z
main,consul,0.38.0,1.10.4,2021-12-08T12:40:41.000Z
main,metallb,2.5.14,0.11.0,2021-12-09T05:29:24.000Z
main,redis,15.6.4,6.2.6,2021-12-09T06:14:25.000Z
main,argocd-applicationset,1.7.0,v0.2.0,2021-12-09T07:16:28.000Z
main,grafana,6.19.0,8.3.1,2021-12-09T17:57:05.000Z
main,argo-cd,3.28.0,v2.1.7,2021-12-10T07:43:59.000Z
main,gitlab-runner,0.35.2,14.5.2,2021-12-10T14:15:17.000Z
main,argo-cd,3.28.1,v2.1.7,2021-12-11T11:36:36.000Z
main,gitlab-runner,0.35.3,14.5.2,2021-12-12T18:00:50.000Z
main,grafana,6.19.1,8.3.1,2021-12-12T18:39:55.000Z
main,seaweedfs,2.82,2.82,2021-12-12T23:37:37.000Z
main,kubernetes-dashboard,5.0.5,2.4.0,2021-12-13T06:38:05.000Z
main,grafana,6.19.2,8.3.2,2021-12-13T18:53:52.000Z
main,reflector,6.0.46,6.0.46,2021-12-14T04:23:46.000Z
main,argo-cd,3.29.0,v2.2.0,2021-12-15T02:16:46.000Z
main,redis,15.6.5,6.2.6,2021-12-15T02:42:03.000Z
main,grafana,6.19.3,8.3.3,2021-12-15T09:44:37.000Z
main,redis,15.6.6,6.2.6,2021-12-15T09:44:37.000Z
main,loki,2.8.2,v2.4.1,2021-12-15T10:18:39.000Z
main,redis,15.6.7,6.2.6,2021-12-15T11:13:01.000Z
main,consul,0.39.0,1.11.1,2021-12-15T15:15:47.000Z
main,yugabyte,2.11.1,2.11.1.0-b305,2021-12-15T18:00:08.000Z
main,grafana,6.19.4,8.3.3,2021-12-16T00:19:04.000Z
main,argocd-notifications,1.6.1,v1.2.1,2021-12-16T02:16:28.000Z
main,longhorn,1.2.1,v1.2.1,2021-12-16T04:24:28.000Z
main,grafana,6.20.0,8.3.3,2021-12-16T06:14:48.000Z
main,kube-prometheus,6.5.1,0.52.1,2021-12-16T06:14:48.000Z
main,loki,2.8.3,v2.4.1,2021-12-16T06:14:48.000Z
main,longhorn,1.2.2,v1.2.2,2021-12-16T06:14:48.000Z
main,metallb,2.5.15,0.11.0,2021-12-16T07:16:03.000Z
main,sealed-secrets,2.0.0,v0.17.1,2021-12-16T07:16:03.000Z
main,grafana,6.20.1,8.3.3,2021-12-16T07:43:54.000Z
main,emissary-ingress,7.2.0,2.1.0,2021-12-16T09:44:50.000Z
main,sealed-secrets,2.0.1,v0.17.1,2021-12-16T09:44:51.000Z
main,kube-prometheus,6.5.2,0.53.0,2021-12-16T10:45:44.000Z
main,longhorn,1.2.3,v1.2.3,2021-12-16T21:37:12.000Z
main,argo-cd,3.29.1,v2.2.1,2021-12-17T02:16:46.000Z
main,grafana,6.20.2,8.3.3,2021-12-17T08:23:13.000Z
main,grafana,6.20.3,8.3.4,2021-12-17T08:59:54.000Z
main,argo-cd,3.29.2,v2.2.1,2021-12-17T10:44:38.000Z
main,metallb,2.5.16,0.11.0,2021-12-17T11:36:47.000Z
main,loki,2.8.4,v2.4.1,2021-12-17T18:05:45.000Z
main,gitlab-runner,0.36.0,14.6.0,2021-12-18T09:46:39.000Z
main,argo-cd,3.29.3,v2.2.1,2021-12-18T14:14:46.000Z
main,reflector,6.1.9,6.1.9,2021-12-19T09:01:12.000Z
main,harbor,1.8.1,2.4.1,2021-12-19T23:15:20.000Z
main,argo-workflows,0.9.4,v3.2.6,2021-12-20T03:13:23.000Z
main,argo-cd,3.29.4,v2.2.1,2021-12-20T09:47:03.000Z
main,kube-prometheus,6.5.3,0.53.1,2021-12-20T09:47:04.000Z
main,argocd-notifications,1.7.0,v1.2.1,2021-12-20T10:46:25.000Z
main,rancher,2.6.3,v2.6.3,2021-12-21T14:15:36.000Z
main,gitlab,5.6.0,14.6.0,2021-12-22T08:24:28.000Z
main,sealed-secrets,2.0.2,v0.17.1,2021-12-23T00:45:30.000Z
main,gitea,5.0.0,1.15.8,2021-12-23T06:14:46.000Z
main,redis,15.6.8,6.2.6,2021-12-23T06:14:46.000Z
main,prometheus-mysql-exporter,1.4.0,v0.12.1,2021-12-23T07:16:07.000Z
main,seaweedfs,2.83,2.83,2021-12-25T01:15:24.000Z
main,reflector,6.1.16,6.1.16,2021-12-25T04:57:59.000Z
main,hazelcast,5.3.2,5.0.2,2021-12-26T23:38:19.000Z
main,wiki,2.2.0,,2021-12-26T23:38:19.000Z
main,victoria-metrics-operator,0.6.0,0.22.0,2021-12-27T04:25:03.000Z
main,redis,15.6.9,6.2.6,2021-12-27T07:49:43.000Z
main,redis,15.6.10,6.2.6,2021-12-29T06:14:52.000Z
main,prometheus-mysql-exporter,1.5.0,v0.12.1,2021-12-30T07:16:14.000Z
main,meshery,v0.6.1,v0.6.0,2021-12-31T15:15:32.000Z
main,kubed,v0.13.0,v0.13.0,2022-01-01T21:37:33.000Z
main,reloader,v0.0.104,v0.0.104,2022-01-02T06:14:00.000Z
main,grafana,6.20.4,8.3.4,2022-01-02T09:44:54.000Z
main,seaweedfs,2.84,2.84,2022-01-02T18:04:42.000Z
main,argo-cd,3.29.5,v2.2.2,2022-01-04T02:42:38.000Z
main,gitlab,5.6.1,14.6.1,2022-01-05T09:48:32.000Z
main,metallb,2.6.0,0.11.0,2022-01-05T11:13:16.000Z
main,kube-prometheus,6.6.0,0.53.1,2022-01-05T11:36:55.000Z
main,redis,15.7.0,6.2.6,2022-01-05T12:16:59.000Z
main,redis,15.7.1,6.2.6,2022-01-06T05:43:23.000Z
main,argocd-applicationset,1.8.0,v0.3.0,2022-01-06T10:46:30.000Z
main,loki,2.8.5,v2.4.1,2022-01-06T22:49:18.000Z
main,grafana,6.20.5,8.3.4,2022-01-07T07:16:23.000Z
main,reflector,6.1.20,6.1.20,2022-01-09T05:29:28.000Z
main,reflector,6.1.23,6.1.23,2022-01-09T07:15:39.000Z
main,argocd-applicationset,1.9.0,v0.3.0,2022-01-09T10:17:39.000Z
main,seaweedfs,2.85,2.85,2022-01-09T19:43:17.000Z
main,redis,15.7.2,6.2.6,2022-01-10T02:43:48.000Z
main,loki-distributed,0.39.4,2.4.1,2022-01-10T10:19:08.000Z
main,loki-distributed,0.39.5,2.4.1,2022-01-10T10:48:09.000Z
main,nats,0.11.0,2.6.5,2022-01-10T16:55:16.000Z
main,gitlab,5.6.2,14.6.2,2022-01-11T13:14:54.000Z
main,redis,15.7.4,6.2.6,2022-01-11T22:19:29.000Z
main,loki,2.8.6,v2.4.1,2022-01-12T08:24:27.000Z
main,ingress-nginx,4.0.15,1.1.1,2022-01-12T09:01:50.000Z
main,loki-distributed,0.40.0,2.4.2,2022-01-12T10:18:41.000Z
main,loki,2.9.0,v2.4.2,2022-01-12T10:18:41.000Z
main,kubernetes-dashboard,5.0.6,2.4.0,2022-01-13T04:25:58.000Z
main,redis,15.7.5,6.2.6,2022-01-13T06:39:19.000Z
main,sealed-secrets,2.1.0,v0.17.2,2022-01-13T07:45:51.000Z
main,kubernetes-dashboard,5.1.1,2.4.0,2022-01-14T02:17:25.000Z
main,kube-prometheus,6.6.1,0.53.1,2022-01-14T10:52:51.000Z
main,argo-cd,3.30.0,v2.2.2,2022-01-15T21:38:29.000Z
main,metallb,2.6.1,0.11.0,2022-01-16T12:16:35.000Z
main,openebs,3.1.0,3.1.0,2022-01-17T01:42:41.000Z
main,ingress-nginx,4.0.16,1.1.1,2022-01-17T15:40:55.000Z
main,seaweedfs,2.86,2.86,2022-01-17T23:39:09.000Z
main,prometheus-postgres-exporter,2.5.0,0.10.0,2022-01-18T06:39:02.000Z
main,kube-prometheus,6.6.2,0.53.1,2022-01-18T07:45:25.000Z
main,gitlab,5.6.3,14.6.3,2022-01-18T10:19:05.000Z
main,redis,15.7.6,6.2.6,2022-01-18T10:19:05.000Z
main,redis,16.0.0,6.2.6,2022-01-18T14:02:49.000Z
main,hazelcast,5.3.3,5.0.2,2022-01-18T23:12:04.000Z
main,grafana,6.20.6,8.3.4,2022-01-19T02:15:26.000Z
main,temporal,0.14.0,1.14.0,2022-01-19T07:00:28.000Z
main,gitlab-runner,0.37.0,14.7.0,2022-01-19T09:21:26.000Z
main,argo-cd,3.30.1,v2.2.2,2022-01-19T11:36:51.000Z
main,gitea,5.0.1,1.15.10,2022-01-20T00:42:16.000Z
main,argo-cd,3.31.0,v2.2.2,2022-01-20T03:13:14.000Z
main,gitlab-runner,0.37.1,bleeding,2022-01-20T03:13:14.000Z
main,kube-prometheus,6.6.3,0.53.1,2022-01-20T03:36:20.000Z
main,redis,16.0.1,6.2.6,2022-01-20T04:23:46.000Z
main,sealed-secrets,2.1.1,v0.17.2,2022-01-20T04:56:21.000Z
main,loki,2.9.1,v2.4.2,2022-01-20T13:36:18.000Z
main,vault,0.19.0,1.9.2,2022-01-20T16:49:08.000Z
main,redis,16.1.0,6.2.6,2022-01-20T20:49:39.000Z
main,victoria-metrics-operator,0.6.1,0.22.1,2022-01-21T10:42:44.000Z
main,metallb,2.6.2,0.11.0,2022-01-21T11:36:07.000Z
main,gitlab,5.7.0,14.7.0,2022-01-22T06:12:59.000Z
main,grafana,6.20.7,8.3.4,2022-01-23T06:13:21.000Z
main,loki-distributed,0.41.0,2.4.2,2022-01-23T06:13:21.000Z
main,seaweedfs,2.87,2.87,2022-01-23T16:49:13.000Z
main,grafana,6.20.8,8.3.4,2022-01-23T23:20:51.000Z
main,gitlab-runner,0.37.2,14.7.0,2022-01-24T04:23:07.000Z
main,argo-cd,3.31.1,v2.2.2,2022-01-24T11:39:18.000Z
main,argo-workflows,0.9.5,v3.2.6,2022-01-24T11:39:18.000Z
main,argocd-applicationset,1.9.1,v0.3.0,2022-01-24T11:39:18.000Z
main,argocd-notifications,1.7.1,v1.2.1,2022-01-24T11:39:18.000Z
main,dapr,1.6.0,1.6.0,2022-01-24T12:38:01.000Z
main,kubed,v0.13.1,v0.13.1,2022-01-24T18:04:14.000Z
main,nats,0.11.2,2.7.0,2022-01-24T19:38:55.000Z
main,grafana,6.21.0,8.3.4,2022-01-25T00:17:52.000Z
main,loki-distributed,0.42.0,2.4.2,2022-01-25T02:39:40.000Z
main,redis,16.1.1,6.2.6,2022-01-25T09:40:09.000Z
main,emissary-ingress,7.2.2,2.1.2,2022-01-25T16:55:42.000Z
main,grafana,6.21.1,8.3.4,2022-01-25T19:14:32.000Z
main,redis,16.2.0,6.2.6,2022-01-26T02:16:06.000Z
main,argo-cd,3.32.0,v2.2.3,2022-01-26T07:40:55.000Z
main,cert-manager,v1.7.0,v1.7.0,2022-01-26T11:37:04.000Z
main,yugabyte,2.11.2,2.11.2.0-b89,2022-01-26T15:38:16.000Z
main,nats,0.12.0,2.7.1,2022-01-26T16:51:20.000Z
main,kube-prometheus,6.6.4,0.53.1,2022-01-27T00:18:05.000Z
main,argo-cd,3.32.1,v2.2.3,2022-01-27T02:39:46.000Z
main,sealed-secrets,2.1.2,v0.17.3,2022-01-27T08:57:03.000Z
main,consul,0.40.0,1.11.2,2022-01-27T12:14:35.000Z
main,nfs-subdir-external-provisioner,4.0.15,4.0.2,2022-01-27T12:37:47.000Z
main,kube-prometheus,6.6.5,0.54.0,2022-01-27T13:13:08.000Z
main,nats,0.12.1,2.7.1,2022-01-27T15:15:07.000Z
main,redis,16.2.1,6.2.6,2022-01-28T03:13:29.000Z
main,argo-workflows,0.10.0,v3.2.6,2022-01-28T06:13:50.000Z
main,loki-distributed,0.42.1,2.4.2,2022-01-28T07:40:55.000Z
main,verdaccio,4.6.1,5.5.0,2022-01-28T10:16:46.000Z
main,seaweedfs,2.88,2.88,2022-01-30T20:47:03.000Z
main,argo-cd,3.33.0,v2.2.3,2022-01-31T07:41:18.000Z
main,argo-cd,3.33.1,v2.2.3,2022-01-31T11:36:45.000Z
main,prometheus-snmp-exporter,0.2.0,0.19.0,2022-01-31T12:37:38.000Z
main,grafana,6.21.2,8.3.4,2022-01-31T22:17:23.000Z
main,redis,16.3.0,6.2.6,2022-02-01T03:36:43.000Z
main,prometheus-blackbox-exporter,5.3.2,0.19.0,2022-02-01T07:15:09.000Z
main,loki-distributed,0.42.2,2.4.2,2022-02-01T08:22:57.000Z
main,argocd-notifications,1.8.0,v1.2.1,2022-02-01T14:14:16.000Z
main,kubernetes-dashboard,5.1.2,2.4.0,2022-02-02T00:41:17.000Z
main,argo-cd,3.33.2,v2.2.3,2022-02-03T02:15:15.000Z
main,kubernetes-dashboard,5.1.3,2.4.0,2022-02-03T03:12:00.000Z
main,loki-distributed,0.43.0,2.4.2,2022-02-03T12:15:07.000Z
main,gitlab,5.7.1,14.7.1,2022-02-03T16:51:17.000Z
main,argo-cd,3.33.3,v2.2.4,2022-02-04T01:37:17.000Z
main,cert-manager,v1.7.1,v1.7.1,2022-02-04T08:47:06.000Z
main,redis,16.3.1,6.2.6,2022-02-04T10:36:45.000Z
main,kubernetes-dashboard,5.2.0,2.5.0,2022-02-04T23:35:54.000Z
main,argo-cd,3.33.4,v2.2.5,2022-02-05T05:12:37.000Z
main,argo-cd,3.33.5,v2.2.5,2022-02-05T08:44:39.000Z
main,ingress-nginx,4.0.17,1.1.1,2022-02-06T12:36:57.000Z
main,nats,0.13.0,2.7.2,2022-02-07T14:37:47.000Z
main,gitlab,5.7.2,14.7.2,2022-02-09T14:38:02.000Z
main,argo-workflows,0.10.1,v3.2.7,2022-02-09T15:14:52.000Z
main,redis,16.4.0,6.2.6,2022-02-09T18:31:25.000Z
main,nfs-subdir-external-provisioner,4.0.16,4.0.2,2022-02-09T20:17:58.000Z
main,grafana,6.21.3,8.3.4,2022-02-09T22:17:37.000Z
main,emissary-ingress,7.3.0,2.2.0,2022-02-10T12:37:32.000Z
main,grafana,6.21.4,8.3.5,2022-02-10T18:02:48.000Z
main,temporal,0.14.5,1.14.5,2022-02-10T22:18:30.000Z
main,grafana,6.21.5,8.3.5,2022-02-11T07:14:40.000Z
main,reloader,v0.0.105,v0.0.105,2022-02-13T04:21:29.000Z
main,victoria-metrics-operator,0.7.1,0.23.0,2022-02-13T10:41:04.000Z
main,argocd-applicationset,1.10.0,v0.3.0,2022-02-16T23:25:27.000Z
main,gitlab,5.7.3,14.7.3,2022-02-16T23:25:27.000Z
main,grafana,6.21.6,8.3.5,2022-02-16T23:25:27.000Z
main,hazelcast,5.3.4,5.0.2,2022-02-16T23:25:27.000Z
main,nats,0.13.1,2.7.2,2022-02-16T23:25:27.000Z
main,prometheus-mysql-exporter,1.6.0,v0.12.1,2022-02-16T23:25:27.000Z
main,seaweedfs,2.89,2.89,2022-02-16T23:25:27.000Z
main,verdaccio,4.6.2,5.5.0,2022-02-16T23:25:27.000Z
main,victoria-metrics-operator,0.7.3,0.23.2,2022-02-16T23:25:28.000Z
main,wiki,2.2.0,,2022-02-16T23:25:28.000Z
main,argocd-applicationset,1.11.0,v0.3.0,2022-02-17T00:40:20.000Z
main,sealed-secrets,2.1.3,v0.17.3,2022-02-17T03:36:27.000Z
main,argo-cd,3.33.6,v2.2.5,2022-02-17T04:23:16.000Z
main,grafana,6.21.7,8.3.6,2022-02-17T07:41:02.000Z
main,loki,2.9.2,v2.4.2,2022-02-17T11:34:10.000Z
main,grafana,6.21.8,8.3.6,2022-02-17T17:29:42.000Z
main,loki,2.10.0,v2.4.2,2022-02-17T17:55:39.000Z
main,loki-distributed,0.44.0,2.4.2,2022-02-18T01:34:38.000Z
main,athens-proxy,0.5.1,0.11.1,2022-02-18T10:37:13.000Z
main,loki,2.10.1,v2.4.2,2022-02-18T19:04:56.000Z
main,gitlab-runner,0.38.0,14.8.0,2022-02-20T14:34:17.000Z
main,seaweedfs,2.90,2.90,2022-02-20T22:38:37.000Z
main,prometheus-blackbox-exporter,5.4.0,0.19.0,2022-02-21T03:04:58.000Z
main,kube-prometheus,6.6.6,0.54.0,2022-02-21T05:09:28.000Z
main,victoria-metrics-operator,0.8.0,0.23.3,2022-02-21T09:05:19.000Z
main,gitlab,5.8.0,14.8.0,2022-02-22T06:04:57.000Z
main,yugabyte,2.12.1,2.12.1.0-b41,2022-02-22T12:34:49.000Z
main,grafana,6.22.0,8.3.6,2022-02-22T13:04:58.000Z
main,emissary-ingress,7.3.1,2.2.1,2022-02-22T13:33:54.000Z
main,argo-cd,3.33.7,v2.2.5,2022-02-23T03:33:48.000Z
main,gitlab,5.8.1,14.8.1,2022-02-23T09:35:49.000Z
main,consul,0.41.0,1.11.3,2022-02-23T12:05:19.000Z
main,redis,16.4.1,6.2.6,2022-02-23T13:36:09.000Z
main,kube-prometheus,6.6.7,0.54.0,2022-02-23T19:35:03.000Z
main,consul,0.41.1,1.11.3,2022-02-24T10:04:52.000Z
main,kubed,v0.13.2,v0.13.2,2022-02-24T10:04:52.000Z
main,redis,16.4.2,6.2.6,2022-02-24T11:04:59.000Z
main,prometheus-blackbox-exporter,5.4.1,0.19.0,2022-02-25T00:36:35.000Z
main,kube-prometheus,6.6.8,0.54.1,2022-02-25T03:34:13.000Z
main,redis,16.4.3,6.2.6,2022-02-25T08:05:22.000Z
main,emissary-ingress,7.3.2,2.2.2,2022-02-25T13:04:40.000Z
main,ambassador,6.9.4,1.14.3,2022-02-25T14:05:08.000Z
main,gitlab,5.8.2,14.8.2,2022-02-25T14:35:06.000Z
main,argo-cd,3.33.8,v2.2.5,2022-02-26T12:34:16.000Z
main,reloader,v0.0.106,v0.0.106,2022-02-26T15:04:53.000Z
main,redis,16.4.4,6.2.6,2022-02-27T04:41:37.000Z
main,seaweedfs,2.91,2.91,2022-02-27T04:41:38.000Z
main,kube-prometheus,6.6.9,0.54.1,2022-02-27T05:06:47.000Z
main,reloader,v0.0.108,v0.0.108,2022-02-27T11:04:38.000Z
main,haproxy-ingress,0.13.6,v0.13.6,2022-02-28T00:18:33.000Z
main,seaweedfs,2.92,2.92,2022-02-28T15:34:36.000Z
main,grafana,6.23.0,8.4.2,2022-02-28T21:06:25.000Z
main,temporal,0.15.1,1.15.1,2022-02-28T21:33:34.000Z
wener,filebrowser,1.0.0,,
wener,frpc,1.0.1,,
wener,frps,1.0.1,,
wener,ingresses,1.0.0,,
wener,keycloak,16.1.0,,
wener,minio-console,1.0.3,,
wener,minio-standalone,1.0.2,,
wener,oauth2-proxy,1.0.2,,
wener,prometheus-target,1.0.0,,
wener,samba,1.0.0,,
bitnami,redis,16.4.5,6.2.6,2022-03-01T10:52:57.160Z
main,grafana,6.23.1,8.4.2,2022-03-03T03:32:47.204Z
main,gitlab-runner,0.38.1,14.8.2,2022-03-02T13:58:21.241Z
main,reloader,v0.0.109,v0.0.109,2022-03-02T20:49:43.241Z
main,argo-workflows,0.11.1,v3.2.7,2022-03-03T14:02:26.132Z
main,loki-distributed,0.45.0,2.4.2,2022-03-03T17:30:28.191Z
main,sealed-secrets,2.1.4,v0.17.3,2022-03-04T07:07:23.028Z
main,kube-prometheus,6.6.11,0.54.1,2022-03-04T17:53:37.477Z
main,ingress-nginx,4.0.18,1.1.2,2022-03-04T19:49:51.482Z
main,grafana,6.23.2,8.4.2,2022-03-05T02:26:46.053Z
main,argo-workflows,0.11.2,v3.2.9,2022-03-05T08:51:51.689Z
main,argo-cd,3.35.1,v2.2.5,2022-03-06T12:08:37.451Z
main,argo-cd,3.35.2,v2.2.5,2022-03-06T15:54:12.522Z
main,grafana,6.24.0,8.4.2,2022-03-06T21:01:18.031Z
main,prometheus-node-exporter,3.0.1,1.3.1,2022-03-01T13:35:52.526Z
main,prometheus-nats-exporter,2.9.1,0.9.1,2022-01-22T21:11:16.729Z
main,prometheus,15.5.3,2.31.1,2022-03-03T17:56:06.792Z
main,alertmanager,0.15.0,v0.23.0,2022-02-07T21:34:44.991Z
main,kube-state-metrics,4.7.0,2.4.1,2022-02-25T09:21:03.975Z
main,prometheus-pushgateway,1.16.1,1.4.2,2022-03-01T09:01:41.106Z
main,prometheus-postgres-exporter,2.6.0,0.10.0,2022-03-07T10:26:58.253Z
main,redis,16.5.0,6.2.6,2022-03-07T13:12:50.393Z
main,kube-prometheus-stack,33.2.0,0.54.1,2022-03-05T14:49:57.284Z
main,victoria-metrics-k8s-stack,0.7.10,1.74.0,2022-03-06T17:27:40.256Z
main,yugabyte,2.13.0,2.13.0.0-b42,2022-03-07T19:40:32.373Z
main,logging-operator,3.17.2,3.17.2,2022-03-04T20:56:14.496Z
banzai,vault,1.15.2,1.15.1,2022-03-01T08:51:39.970Z
main,opensearch,1.8.3,1.2.4,2022-03-03T17:27:23.269Z
main,opensearch-dashboards,1.2.2,1.2.0,2022-03-01T20:35:21.932Z
main,nats,0.14.0,2.7.3,2022-03-08T21:54:21.465Z
main,loki-distributed,0.45.1,2.4.2,2022-03-08T22:48:23.486Z
main,grafana,6.24.1,8.4.2,2022-03-08T23:31:03.088Z
main,gitea,5.0.2,1.16.3,2022-03-09T06:58:03.335Z
main,redis,16.5.1,6.2.6,2022-03-09T09:56:55.726Z
main,redis,16.5.2,6.2.6,2022-03-09T16:33:19.343Z
main,metallb,2.6.8,0.12.1,2022-03-09T17:19:36.555Z
main,nats,0.14.1,2.7.3,2022-03-09T17:12:52.623Z
main,argo-cd,3.35.3,v2.2.5,2022-03-10T10:45:46.092Z
main,kubernetes-dashboard,5.3.0,2.5.1,2022-03-10T13:00:18.138Z
main,kube-prometheus,6.6.12,0.55.0,2022-03-10T17:46:02.851Z
haproxytech,haproxy,1.12.0,2.5.4,2022-03-11T09:04:18.727Z
haproxytech,kubernetes-ingress,1.20.0,1.7.6,2022-03-11T09:04:18.819Z
main,prometheus-postgres-exporter,2.6.1,0.10.0,2022-03-11T14:39:34.469Z
main,nats-account-server,0.8.0,1.0.0,2021-05-11T17:21:31.160Z
main,argo-workflows,0.12.0,v3.2.9,2022-03-12T17:14:01.091Z
main,argo-workflows,0.13.0,v3.2.9,2022-03-12T17:55:50.785Z
main,argo-cd,3.35.4,v2.2.5,2022-03-12T18:59:30.266Z
main,kube-prometheus-stack,33.2.1,0.54.1,2022-03-13T08:11:25.631Z
main,prometheus-snmp-exporter,1.0.0,0.19.0,2022-03-14T16:26:03.389Z
main,nats,0.14.2,2.7.4,2022-03-15T01:44:26.481Z
main,gitlab,5.8.3,14.8.3,2022-03-15T08:57:10.509Z
haproxytech,kubernetes-ingress,1.21.0,1.7.7,2022-03-15T17:54:39.858Z
main,redis,16.5.3,6.2.6,2022-03-16T09:33:11.565Z
main,kube-prometheus-stack,34.0.0,0.55.0,2022-03-16T09:09:17.025Z
main,gitea,5.0.3,1.16.4,2022-03-16T16:03:06.369Z
main,metallb,2.6.9,0.12.1,2022-03-16T18:17:24.538Z
main,cockroachdb,7.0.1,21.2.7,2022-03-16T18:09:07.669Z
main,kube-prometheus,6.6.13,0.55.0,2022-03-16T20:50:58.680Z
main,argo-cd,4.0.0,v2.3.1,2022-03-16T21:02:34.938Z
main,gitlab,5.8.4,14.8.4,2022-03-16T21:13:40.421Z
main,redis,16.5.4,6.2.6,2022-03-17T11:53:38.484Z
main,argo-cd,4.0.1,v2.3.1,2022-03-17T12:54:22.028Z
main,argo-cd,4.1.0,v2.3.1,2022-03-17T17:16:26.420Z
main,kubernetes-dashboard,5.3.1,2.5.1,2022-03-17T16:28:01.250Z
main,kube-prometheus-stack,34.1.0,0.55.0,2022-03-17T21:09:34.762Z
main,opensearch,1.9.0,1.3.0,2022-03-18T00:29:36.047Z
main,opensearch-dashboards,1.3.0,1.3.0,2022-03-18T00:29:36.162Z
main,kube-prometheus-stack,34.1.1,0.55.0,2022-03-18T09:23:01.978Z
main,harbor,1.8.2,2.4.2,2022-03-18T08:46:37.755Z
banzai,vault,1.15.3,1.15.2,2022-03-18T10:10:40.346Z
main,prometheus-blackbox-exporter,5.5.0,0.19.0,2022-03-18T12:52:13.437Z
main,kube-prometheus,6.7.0,0.55.0,2022-03-18T15:55:58.632Z
main,argo-cd,4.2.0,v2.3.1,2022-03-18T16:42:45.180Z
main,argo-cd,4.2.1,v2.3.1,2022-03-18T21:25:51.491Z
main,kube-prometheus,6.7.1,0.55.0,2022-03-19T16:20:15.920Z
main,prometheus-mysql-exporter,1.7.0,v0.12.1,2022-03-21T08:17:23.110Z
main,reflector,6.1.47,6.1.47,2022-03-21T08:17:37.590Z
main,prometheus-blackbox-exporter,5.5.1,0.19.0,2022-03-21T12:10:52.935Z
main,victoria-metrics-k8s-stack,0.7.11,1.75.0,2022-03-21T17:26:41.539Z
main,prometheus-postgres-exporter,2.7.0,0.10.0,2022-03-22T00:42:10.372Z
main,loki-distributed,0.46.0,2.4.2,2022-03-22T10:01:48.296Z
main,redis,16.5.5,6.2.6,2022-03-22T10:21:15.351Z
main,gitlab-runner,0.39.0,14.9.0,2022-03-21T20:02:32.194Z
main,gitlab,5.9.0,14.9.0,2022-03-22T13:47:04.402Z
main,opensearch-dashboards,1.3.1,1.3.0,2022-03-23T00:02:10.513Z
main,loki-distributed,0.46.2,2.4.2,2022-03-23T09:55:12.537Z
main,argo-cd,4.2.2,v2.3.2,2022-03-23T09:53:47.131Z
main,argo-workflows,0.13.1,v3.2.9,2022-03-23T13:18:50.596Z
main,gitlab,5.9.1,14.9.1,2022-03-23T15:48:47.718Z
main,redis,16.6.0,6.2.6,2022-03-23T16:55:14.573Z
main,cert-manager,v1.7.2,v1.7.2,2022-03-23T20:00:53.234Z
main,prometheus,15.5.4,2.34.0,2022-03-23T22:52:46.399Z
main,kube-prometheus,6.8.0,0.55.0,2022-03-24T09:37:25.928Z
main,prometheus-node-exporter,3.0.2,1.3.1,2022-03-24T20:32:07.725Z
main,prometheus,15.6.0,2.34.0,2022-03-24T20:32:07.528Z
main,nats,0.15.0,2.7.4,2022-03-24T23:11:03.108Z
main,reloader,v0.0.110,v0.0.110,2022-03-25T12:04:57.648Z
main,loki-distributed,0.46.4,2.4.2,2022-03-25T16:03:10.580Z
main,gitea,5.0.4,1.16.5,2022-03-25T18:28:20.472Z
main,loki,2.10.2,v2.4.2,2022-03-26T08:12:41.373Z
main,prometheus-blackbox-exporter,5.6.0,0.19.0,2022-03-26T13:12:14.003Z
main,kube-prometheus-stack,34.2.0,0.55.0,2022-03-26T14:59:55.982Z
main,haproxy-ingress,0.13.7,v0.13.7,2022-03-26T14:55:38.234Z
main,kube-prometheus,6.8.1,0.55.1,2022-03-27T02:46:14.436Z
main,metallb,2.6.10,0.12.1,2022-03-27T09:24:28.472Z
main,kube-prometheus,6.8.2,0.55.1,2022-03-28T03:21:43.489Z
main,kube-prometheus-stack,34.3.0,0.55.0,2022-03-28T09:43:07.961Z
main,kube-prometheus-stack,34.5.0,0.55.0,2022-03-28T12:05:52.895Z
main,opensearch-dashboards,1.3.2,1.3.0,2022-03-28T12:59:35.568Z
main,argo-cd,4.2.3,v2.3.2,2022-03-28T13:18:15.846Z
main,redis,16.7.0,6.2.6,2022-03-28T16:47:02.655Z
main,logging-operator,3.17.3,3.17.3,2022-03-28T19:18:26.327Z
main,prometheus-node-exporter,3.1.0,1.3.1,2022-03-28T19:45:55.228Z
main,kube-prometheus-stack,34.5.1,0.55.0,2022-03-28T17:20:11.468Z
main,dapr,1.6.1,1.6.1,2022-03-28T20:58:33.102Z
main,argo-cd,4.2.4,v2.3.2,2022-03-28T21:02:43.946Z
main,hazelcast,5.3.5,5.0.2,2022-03-29T10:12:46.624Z
main,kube-prometheus,6.8.3,0.55.1,2022-03-29T11:19:30.231Z
main,argo-cd,4.3.0,v2.3.2,2022-03-29T11:24:35.573Z
main,prometheus,15.7.1,2.34.0,2022-03-29T11:59:17.832Z
main,hazelcast,5.3.6,5.0.2,2022-03-29T11:42:15.956Z
main,nats,0.15.1,2.7.4,2022-03-29T17:18:23.126Z
main,kube-prometheus-stack,34.6.0,0.55.0,2022-03-29T19:30:10.101Z
main,prometheus,15.8.0,2.34.0,2022-03-30T09:58:51.978Z
main,argo-cd,4.3.1,v2.3.3,2022-03-30T13:40:18.529Z
main,loki-distributed,0.47.0,2.4.2,2022-03-31T07:04:47.763Z
main,redis,16.8.0,6.2.6,2022-03-31T10:09:30.505Z
main,argo-cd,4.3.2,v2.3.3,2022-03-31T11:59:32.609Z
main,argo-cd,4.4.0,v2.3.3,2022-03-31T12:20:19.877Z
main,prometheus-postgres-exporter,2.8.0,0.10.0,2022-03-31T13:56:42.489Z
main,gitlab,5.9.2,14.9.2,2022-03-31T13:48:20.433Z
main,prometheus-snmp-exporter,1.0.1,0.19.0,2022-03-31T14:56:37.339Z
main,opensearch,1.10.0,1.3.1,2022-03-31T16:19:10.501Z
main,opensearch-dashboards,1.3.3,1.3.0,2022-03-31T16:19:10.742Z
main,sealed-secrets,2.1.5,v0.17.4,2022-03-31T16:11:25.155Z
main,rancher,2.6.4,v2.6.4,2022-03-31T19:52:18.385Z
main,loki-distributed,0.47.1,2.4.2,2022-03-31T21:24:05.724Z
main,ingress-nginx,4.0.19,1.1.3,2022-04-01T20:16:28.417Z
main,metallb,2.6.11,0.12.1,2022-04-02T09:24:05.234Z
main,kube-prometheus,6.8.4,0.55.1,2022-04-02T09:57:00.286Z
main,redis,16.8.1,6.2.6,2022-04-02T11:02:40.698Z
main,kube-prometheus-stack,34.7.0,0.55.0,2022-04-02T17:06:23.707Z
main,argo-cd,4.4.1,v2.3.3,2022-04-02T18:45:19.474Z
main,kube-prometheus-stack,34.7.1,0.55.0,2022-04-03T02:29:57.877Z
main,kube-prometheus,6.8.5,0.55.1,2022-04-03T09:20:55.572Z
main,argo-cd,4.5.0,v2.3.3,2022-04-03T09:14:26.170Z
main,redis,16.8.2,6.2.6,2022-04-03T09:41:04.842Z
main,kube-prometheus-stack,34.8.0,0.55.0,2022-04-04T06:49:27.344Z
main,grafana,6.25.1,8.4.2,2022-04-04T07:27:53.251Z
main,loki-distributed,0.47.2,2.4.2,2022-04-04T12:35:04.178Z
main,loki-distributed,0.47.3,2.4.2,2022-04-04T13:50:48.366Z
main,loki,2.10.3,v2.4.2,2022-04-04T17:40:28.492Z
main,consul,0.42.0,1.11.4,2022-04-04T21:09:18.754Z
main,hazelcast,5.3.7,5.0.2,2022-04-05T06:52:43.846Z
main,hazelcast,5.3.8,5.0.2,2022-04-05T09:47:03.783Z
main,kubernetes-dashboard,5.4.1,2.5.1,2022-04-05T16:03:46.975Z
main,cert-manager,v1.8.0,v1.8.0,2022-04-05T18:58:12.038Z
main,redis,16.8.4,6.2.6,2022-04-05T22:53:57.091Z
main,grafana,6.26.0,8.4.5,2022-04-06T12:06:14.750Z
main,kube-prometheus-stack,34.9.0,0.55.0,2022-04-06T14:43:14.560Z
main,kube-prometheus,6.9.0,0.55.1,2022-04-06T20:28:36.506Z
main,victoria-metrics-k8s-stack,0.7.12,1.76.0,2022-04-07T13:27:20.507Z
main,metallb,2.6.12,0.12.1,2022-04-07T13:57:04.668Z
main,redis,16.8.5,6.2.6,2022-04-07T14:06:59.544Z
main,kube-prometheus,6.9.1,0.55.1,2022-04-07T16:11:48.195Z
main,kube-prometheus,6.9.2,0.55.1,2022-04-07T21:01:36.585Z
main,prometheus,15.8.1,2.34.0,2022-04-07T20:45:22.522Z
main,opensearch-dashboards,1.4.0,1.3.1,2022-04-07T21:11:59.940Z
main,dapr,1.7.0,1.7.0,2022-04-07T21:41:32.701Z
main,hazelcast,5.4.0,5.1.1,2022-04-08T07:49:33.730Z
main,prometheus-postgres-exporter,2.9.0,0.10.0,2022-04-08T08:34:49.399Z
main,loki-distributed,0.47.4,2.4.2,2022-04-08T09:58:15.697Z
main,logging-operator,3.17.4,3.17.4,2022-04-08T12:23:38.988Z
main,loki,2.11.0,v2.5.0,2022-04-08T15:33:04.189Z
main,loki-distributed,0.48.0,2.5.0,2022-04-08T15:17:00.083Z
main,kube-prometheus,6.9.3,0.55.1,2022-04-11T08:08:44.830Z
main,loki-distributed,0.48.1,2.5.0,2022-04-11T13:09:36.111Z
main,argo-cd,4.5.1,v2.3.3,2022-04-11T14:33:50.097Z
main,victoria-metrics-operator,0.9.0,0.24.0,2022-04-11T20:00:19.926Z
main,victoria-metrics-k8s-stack,0.8.0,1.76.0,2022-04-11T20:00:18.728Z
main,prometheus-postgres-exporter,2.10.0,0.10.0,2022-04-12T01:35:23.272Z
main,argo-cd,4.5.2,v2.3.3,2022-04-12T12:32:09.621Z
main,argo-cd,4.5.3,v2.3.3,2022-04-12T14:28:37.787Z
main,victoria-metrics-k8s-stack,0.8.1,1.76.1,2022-04-12T14:34:46.621Z
main,gitlab,5.9.3,14.9.3,2022-04-12T17:17:53.334Z
main,opensearch-dashboards,1.4.1,1.3.1,2022-04-12T22:13:28.439Z
main,grafana,6.26.1,8.4.6,2022-04-12T23:33:21.706Z
main,harbor,1.9.0,2.5.0,2022-04-13T05:53:11.024Z
main,kube-prometheus-stack,34.9.1,0.55.0,2022-04-13T09:54:55.749Z
main,prometheus-node-exporter,3.1.1,1.3.1,2022-04-13T18:31:26.681Z
main,kube-prometheus-stack,34.10.0,0.55.0,2022-04-13T19:25:25.826Z
main,grafana,6.26.2,8.4.6,2022-04-14T08:13:33.483Z
main,logging-operator,3.17.5,3.17.5,2022-04-29T21:34:23.784Z
main,opensearch,1.11.1,1.3.2,2022-05-05T19:02:33.803Z
main,opensearch-dashboards,1.5.1,1.3.2,2022-05-05T19:02:33.926Z
main,ingress-nginx,4.1.0,1.2.0,2022-04-22T02:37:06.011Z
main,consul,0.43.0,1.12.0,2022-04-21T21:00:51.890Z
main,redis,16.9.0,6.2.7,2022-05-06T09:46:57.404Z
main,metallb,3.0.1,0.12.1,2022-04-26T13:44:34.800Z
main,kube-prometheus,6.10.2,0.56.1,2022-05-04T14:57:09.011Z
main,nats,0.16.0,2.8.0,2022-04-19T18:48:57.398Z
main,prometheus-postgres-exporter,3.0.0,0.10.1,2022-05-05T16:51:45.102Z
main,prometheus-blackbox-exporter,5.8.0,0.20.0,2022-05-06T15:45:12.921Z
main,prometheus-snmp-exporter,1.1.0,0.19.0,2022-04-22T08:47:00.607Z
main,prometheus,15.8.5,2.34.0,2022-04-20T09:25:56.133Z
main,alertmanager,0.17.1,v0.23.0,2022-05-04T16:13:10.425Z
main,prometheus-pushgateway,1.17.0,1.4.2,2022-05-03T11:17:14.963Z
main,kube-prometheus-stack,35.0.3,0.56.0,2022-04-27T17:16:27.151Z
main,athens-proxy,0.5.2,0.11.1,2022-04-19T03:29:04.447Z
main,grafana,6.29.0,8.5.0,2022-05-06T02:50:46.993Z
main,loki,2.11.1,v2.5.0,2022-04-20T23:13:15.324Z
main,loki-distributed,0.48.3,2.5.0,2022-04-20T23:14:25.628Z
main,verdaccio,4.8.0,5.5.0,2022-04-25T15:54:52.425Z
main,victoria-metrics-k8s-stack,0.8.2,1.77.0,2022-05-05T09:38:52.484Z
main,argo-cd,4.5.10,v2.3.3,2022-05-05T21:59:45.739Z
main,argo-workflows,0.14.1,v3.3.2,2022-05-01T11:44:51.322Z
main,argocd-applicationset,1.12.1,v0.4.1,2022-04-22T09:42:55.611Z
main,argocd-notifications,1.8.1,v1.2.1,2022-04-22T09:42:55.767Z
main,sealed-secrets,2.1.8,v0.17.5,2022-05-05T11:57:58.978Z
main,dapr,1.7.2,1.7.2,2022-04-22T19:27:21.235Z
main,gitea,5.0.7,1.16.7,2022-05-02T05:38:13.898Z
main,cockroachdb,7.0.3,21.2.10,2022-05-03T17:17:42.349Z
main,yugabyte,2.13.1,2.13.1.0-b112,2022-04-25T18:22:48.589Z
main,openebs,3.2.0,3.2.0,2022-04-20T03:57:52.537Z
main,gitlab-runner,0.40.1,14.10.1,2022-05-02T20:29:26.667Z
main,gitlab,5.10.2,14.10.2,2022-05-05T08:11:18.076Z
haproxytech,haproxy,1.14.0,2.5.5,2022-04-20T08:49:38.749Z
haproxytech,kubernetes-ingress,1.21.1,1.7.9,2022-04-20T08:49:38.824Z
main,victoria-metrics-k8s-stack,0.8.3,1.77.1,2022-05-07T00:11:13.415Z
main,grafana,6.29.1,8.5.0,2022-05-07T08:20:46.999Z
main,argo-cd,4.5.11,v2.3.3,2022-05-07T20:58:57.481Z
main,grafana,6.29.2,8.5.0,2022-05-09T13:17:24.949Z
main,redis,16.9.1,6.2.7,2022-05-09T19:31:15.221Z
main,kube-prometheus,6.10.3,0.56.2,2022-05-09T19:21:25.235Z
main,argo-cd,4.5.12,v2.3.3,2022-05-09T19:18:37.449Z
main,argo-workflows,0.14.3,v3.3.2,2022-05-09T19:51:23.820Z
main,argo-workflows,0.14.4,v3.3.2,2022-05-09T20:24:36.466Z
main,argo-workflows,0.15.0,v3.3.2,2022-05-09T20:45:53.911Z
main,argo-cd,4.6.0,v2.3.3,2022-05-10T07:41:17.452Z
main,logging-operator,3.17.6,3.17.6,2022-05-10T10:54:38.754Z
main,ingress-nginx,4.1.1,1.2.0,2022-05-10T16:14:44.022Z
main,redis,16.9.2,6.2.7,2022-05-10T20:03:25.754Z
main,kube-prometheus-stack,35.2.0,0.56.2,2022-05-10T20:34:38.019Z
main,prometheus,15.8.6,2.34.0,2022-05-11T05:10:21.762Z
main,alertmanager,0.18.0,v0.23.0,2022-05-11T05:28:41.086Z
main,prometheus-pushgateway,1.18.0,1.4.2,2022-05-11T15:34:38.363Z
main,kube-prometheus,6.10.4,0.56.2,2022-05-11T16:27:54.277Z
main,prometheus,15.8.7,2.34.0,2022-05-11T23:16:16.315Z
banzai,vault,1.15.4,1.15.2,2022-05-12T08:08:42.774Z
main,redis,16.9.3,6.2.7,2022-05-12T09:22:54.143Z
main,kube-prometheus,6.10.5,0.56.2,2022-05-12T22:56:41.930Z
main,rancher,2.6.5,v2.6.5,2022-05-12T23:37:23.785Z
main,metallb,3.0.2,0.12.1,2022-05-13T11:54:29.096Z
main,redis,16.9.4,6.2.7,2022-05-13T12:45:01.106Z
main,nats,0.17.0,2.8.0,2022-05-13T22:05:22.090Z
main,redis,16.9.5,6.2.7,2022-05-16T08:20:46.491Z
main,kube-prometheus,6.11.0,0.56.2,2022-05-16T11:22:02.012Z
main,vault,0.20.0,1.10.3,2022-05-16T17:56:49.953Z
main,opensearch,2.0.0,2.0.0-rc1,2022-05-16T21:42:13.088Z
main,opensearch-dashboards,2.0.0,2.0.0-rc1,2022-05-16T21:42:13.223Z
main,gitea,5.0.8,1.16.8,2022-05-17T01:02:46.057Z
main,prometheus-redis-exporter,4.7.0,1.27.0,2022-05-17T06:55:03.811Z
main,prometheus-node-exporter,3.2.0,1.3.1,2022-05-17T08:23:55.623Z
main,prometheus-blackbox-exporter,5.8.1,0.20.0,2022-05-17T10:30:21.955Z
main,consul,0.44.0,1.12.0,2022-05-17T23:58:31.337Z
main,dapr,1.7.3,1.7.3,2022-05-18T00:36:44.029Z
main,grafana,6.29.3,8.5.2,2022-05-18T11:59:09.247Z
main,metallb,3.0.3,0.12.1,2022-05-18T12:05:22.073Z
main,loki-distributed,0.48.4,2.5.0,2022-05-18T12:54:25.745Z
main,kube-prometheus,6.12.1,0.56.2,2022-05-18T14:32:58.785Z
main,redis,16.9.6,6.2.7,2022-05-18T14:41:51.114Z
main,redis,16.9.7,6.2.7,2022-05-19T11:51:58.328Z
main,metallb,3.0.4,0.12.1,2022-05-19T11:43:21.923Z
main,argo-cd,4.6.1,v2.3.3,2022-05-19T11:51:32.664Z
main,kube-prometheus,6.13.0,0.56.2,2022-05-19T16:19:38.524Z
main,victoria-metrics-operator,0.10.0,0.25.0,2022-05-19T18:02:16.593Z
main,victoria-metrics-k8s-stack,0.9.0,1.77.1,2022-05-19T18:02:16.007Z
main,argo-cd,4.6.2,v2.3.4,2022-05-19T17:54:23.111Z
main,victoria-metrics-operator,0.10.1,0.25.1,2022-05-20T08:56:31.421Z
main,grafana,6.29.4,8.5.3,2022-05-20T09:22:30.513Z
main,victoria-metrics-k8s-stack,0.9.1,1.77.1,2022-05-20T09:06:09.582Z
main,prometheus-nats-exporter,2.9.2,0.9.2,2022-05-20T14:03:11.836Z
main,gitlab-runner,0.41.0,15.0.0,2022-05-20T14:05:13.546Z
main,gitlab,5.10.3,14.10.3,2022-05-20T14:30:54.230Z
main,argo-cd,4.6.3,v2.3.4,2022-05-20T18:11:17.481Z
main,kube-prometheus,6.13.1,0.56.2,2022-05-20T18:48:32.611Z
main,argo-workflows,0.15.1,v3.3.2,2022-05-20T19:19:27.886Z
main,argo-workflows,0.15.2,v3.3.5,2022-05-20T21:14:28.582Z
main,prometheus,15.9.0,2.34.0,2022-05-21T00:33:52.616Z
main,victoria-metrics-k8s-stack,0.9.2,1.77.2,2022-05-21T00:11:10.861Z
main,kube-prometheus-stack,35.3.0,0.56.2,2022-05-21T14:08:22.914Z
main,metallb,3.0.5,0.12.1,2022-05-21T20:52:11.196Z
main,redis,16.9.8,6.2.7,2022-05-21T21:09:54.423Z
main,kube-prometheus,6.13.2,0.56.2,2022-05-22T00:21:11.413Z
main,metallb,3.0.6,0.12.1,2022-05-22T01:45:32.912Z
main,argo-workflows,0.15.3,v3.3.5,2022-05-22T07:43:34.982Z
main,redis,16.9.9,6.2.7,2022-05-22T09:00:05.000Z
main,redis,16.9.10,6.2.7,2022-05-22T10:54:48.643Z
main,argo-cd,4.6.4,v2.3.4,2022-05-22T11:52:09.457Z
main,gitlab,6.0.0,15.0.0,2022-05-22T13:44:51.115Z
main,kube-prometheus-stack,35.3.1,0.56.2,2022-05-22T21:14:19.635Z
main,argo-cd,4.6.5,v2.3.4,2022-05-23T04:47:28.156Z
main,redis,16.9.11,6.2.7,2022-05-23T17:34:33.617Z
main,ingress-nginx,4.1.2,1.2.0,2022-05-24T00:05:57.899Z
main,kube-prometheus,6.13.3,0.56.3,2022-05-24T14:42:22.188Z
main,argo-workflows,0.15.4,v3.3.5,2022-05-25T08:52:22.437Z
main,argo-workflows,0.16.0,v3.3.5,2022-05-25T09:30:38.643Z
main,argo-cd,4.7.0,v2.3.4,2022-05-25T11:07:10.806Z
main,yugabyte,2.13.2,2.13.2.0-b135,2022-05-25T16:38:56.751Z
main,grafana,6.29.5,8.5.3,2022-05-26T06:22:26.235Z
banzai,vault,1.15.5,1.15.3,2022-05-26T09:28:27.924Z
main,argo-workflows,0.16.1,v3.3.6,2022-05-26T11:20:51.543Z
main,reloader,v0.0.111,v0.0.111,2022-05-26T13:09:16.570Z
main,reloader,v0.0.112,v0.0.112,2022-05-26T15:33:54.997Z
main,cockroachdb,8.0.0,22.1.0,2022-05-26T16:39:50.582Z
main,vault,0.20.1,1.10.3,2022-05-26T16:59:32.716Z
main,opensearch,2.0.1,2.0.0,2022-05-26T18:37:23.205Z
main,opensearch-dashboards,2.0.1,2.0.0,2022-05-26T18:37:23.375Z
main,prometheus-node-exporter,3.3.0,1.3.1,2022-05-26T21:49:01.936Z
main,alertmanager,0.18.1,v0.23.0,2022-05-26T21:49:42.954Z
main,redis,16.10.0,6.2.7,2022-05-27T00:35:17.919Z
main,reloader,v0.0.113,v0.0.113,2022-05-27T10:08:22.789Z
main,kube-prometheus-stack,35.4.1,0.56.2,2022-05-27T14:02:00.472Z
main,prometheus-nats-exporter,2.9.3,0.9.3,2022-05-27T14:03:31.602Z
main,kube-prometheus-stack,35.4.2,0.56.2,2022-05-27T14:26:35.545Z
main,kube-prometheus,7.0.0,0.56.3,2022-05-27T15:38:02.203Z
main,logging-operator,3.17.7,3.17.7,2022-05-27T19:17:10.117Z
main,prometheus-pushgateway,1.18.1,1.4.2,2022-05-30T08:06:12.313Z
